-- phpMyAdmin SQL Dump
-- version 4.9.5
-- https://www.phpmyadmin.net/
--
-- Host: localhost:3306
-- Generation Time: Nov 06, 2020 at 03:37 AM
-- Server version: 10.3.16-MariaDB
-- PHP Version: 7.3.23

SET SQL_MODE = "NO_AUTO_VALUE_ON_ZERO";
SET AUTOCOMMIT = 0;
START TRANSACTION;
SET time_zone = "+00:00";


/*!40101 SET @OLD_CHARACTER_SET_CLIENT=@@CHARACTER_SET_CLIENT */;
/*!40101 SET @OLD_CHARACTER_SET_RESULTS=@@CHARACTER_SET_RESULTS */;
/*!40101 SET @OLD_COLLATION_CONNECTION=@@COLLATION_CONNECTION */;
/*!40101 SET NAMES utf8mb4 */;

--
-- Database: `id15308786_asuncion`
--

DELIMITER $$
--
-- Procedures
--
CREATE DEFINER=`id15308786_webimpact`@`%` PROCEDURE `ContarFaltas` (IN `NumPaciente` INT(63))  SELECT COUNT(PC.Asistencia) as 'Faltas' FROM Paciente_Consulta PC
WHERE PC.Asistencia = 0 and PC.NumeroPaciente = NumPaciente$$

CREATE DEFINER=`id15308786_webimpact`@`%` PROCEDURE `CorreoDonador` (IN `id_Donador` INT(63))  NO SQL
SELECT Correo
FROM Donador
WHERE Donador.id_Donador = id_Donador$$

CREATE DEFINER=`id15308786_webimpact`@`%` PROCEDURE `CrearDonacion` (IN `id_Donador` INT(63), IN `Descripcion` VARCHAR(255) CHARSET utf8mb4, IN `Fecha` DATE)  NO SQL
INSERT INTO `Donativos` (`Descripcion`,`id_Donador`, `Fecha`) VALUES (Descripcion,  id_Donador, Fecha)$$

CREATE DEFINER=`id15308786_webimpact`@`%` PROCEDURE `CrearDonador` (IN `RazonSocial` VARCHAR(255) CHARSET utf8mb4, IN `RFC` VARCHAR(255) CHARSET utf8mb4, IN `Correo` VARCHAR(255) CHARSET utf8mb4, IN `Telefono` VARCHAR(12) CHARSET utf8mb4)  NO SQL
INSERT INTO Donador(RazonSocial, RFC, Correo, Telefono)
Values(RazonSocial, RFC, Correo, Telefono)$$

CREATE DEFINER=`id15308786_webimpact`@`%` PROCEDURE `CrearEmpleado` (IN `NombreEmpleado` VARCHAR(255) CHARSET utf8mb4, IN `Correo` VARCHAR(255) CHARSET utf8mb4, IN `Especialidad` INT(63), IN `Password` VARCHAR(255) CHARSET utf8mb4)  NO SQL
INSERT INTO `Empleado` (`NombreEmpleado`, `Correo`, `id_Especialidad`, `Password`) VALUES (NombreEmpleado, Correo, Especialidad, Password)$$

CREATE DEFINER=`id15308786_webimpact`@`%` PROCEDURE `EliminarEmpleado` (IN `NumeroEmpleado` INT(63))  NO SQL
DELETE FROM Empleado
WHERE Empleado.NumeroEmpleado = NumeroEmpleado$$

CREATE DEFINER=`id15308786_webimpact`@`%` PROCEDURE `GestionEmpleado` ()  NO SQL
SELECT *
FROM Empleado$$

CREATE DEFINER=`id15308786_webimpact`@`%` PROCEDURE `ImprimeDonacionCreada` (IN `id_Donador` INT(63), IN `Fecha` DATE, IN `Descripcion` VARCHAR(255) CHARSET utf8mb4)  NO SQL
SELECT Donador.RazonSocial, Donativos.Fecha, Donativos.Descripcion 
FROM `Donativos`, `Donador`
WHERE Donativos.id_Donador = Donador.id_Donador and Donativos.id_Donador = id_Donador and Donativos.Fecha = Fecha and Donativos.Descripcion = Descripcion$$

CREATE DEFINER=`id15308786_webimpact`@`%` PROCEDURE `ImprimirReporte` ()  NO SQL
SELECT T.Nombre as 'Tipo', E.NombreEmpleado as 'Encargado', P.NombrePaciente as 'Nombre', P.ApellidoPaterno as 'A Paterno', P.ApellidoMaterno as 'A Materno', R.Edad, R.Observaciones, R.Fecha
FROM TipoReporte T, Reporte R, Empleado E, Paciente P
WHERE E.NumeroEmpleado = R.NumeroEmpleado and P.NumeroPaciente = R.NumeroPaciente and T.id_TipoReporte = R.id_Tipo$$

CREATE DEFINER=`id15308786_webimpact`@`%` PROCEDURE `IniciarSesion` (IN `Correo` VARCHAR(255) CHARSET utf8mb4, IN `Password` VARCHAR(255) CHARSET utf8mb4)  NO SQL
SELECT E.NumeroEmpleado as id
FROM Empleado E
WHERE E.Correo = Correo and E.Password = Password$$

CREATE DEFINER=`id15308786_webimpact`@`%` PROCEDURE `OpcionesDonador` ()  NO SQL
SELECT id_Donador as 'id', RazonSocial
FROM Donador$$

CREATE DEFINER=`id15308786_webimpact`@`%` PROCEDURE `OpcionesEspecialidades` ()  SELECT * FROM Especialidad$$

CREATE DEFINER=`id15308786_webimpact`@`%` PROCEDURE `OpcionesEstado` ()  NO SQL
SELECT id_Entidad, NombreEstado
FROM Entidad$$

CREATE DEFINER=`id15308786_webimpact`@`%` PROCEDURE `OpcionesMunicipio` (IN `id_Estado` INT(63))  SELECT idMunicipio, nombreMunicipio as 'Municipio'
FROM Municipio M
WHERE M.idEstado = id_Estado$$

CREATE DEFINER=`id15308786_webimpact`@`%` PROCEDURE `RFCDonador` (IN `id_Donador` INT(63))  NO SQL
SELECT RFC
FROM Donador
WHERE Donador.id_Donador = id_Donador$$

CREATE DEFINER=`id15308786_webimpact`@`%` PROCEDURE `TelDonador` (IN `id_Donador` INT(63))  NO SQL
SELECT Telefono
FROM Donador
WHERE Donador.id_Donador = id_Donador$$

DELIMITER ;

-- --------------------------------------------------------

--
-- Table structure for table `Donador`
--

CREATE TABLE `Donador` (
  `id_Donador` int(11) NOT NULL,
  `RazonSocial` varchar(255) COLLATE utf8_unicode_ci NOT NULL,
  `RFC` varchar(255) COLLATE utf8_unicode_ci NOT NULL,
  `Correo` varchar(255) COLLATE utf8_unicode_ci NOT NULL,
  `Telefono` varchar(12) COLLATE utf8_unicode_ci NOT NULL
) ENGINE=InnoDB DEFAULT CHARSET=utf8 COLLATE=utf8_unicode_ci;

--
-- Dumping data for table `Donador`
--

INSERT INTO `Donador` (`id_Donador`, `RazonSocial`, `RFC`, `Correo`, `Telefono`) VALUES
(1, 'Alberto Matute', 'RFC0000111PRUEBA', 'webimpact20@gmail.com', '442-465-8631'),
(2, 'Don Dimadome', 'DD05841266', 'DueñodelDimadomo@dedimsdale.com', '123-4567-890');

-- --------------------------------------------------------

--
-- Table structure for table `Donativos`
--

CREATE TABLE `Donativos` (
  `NumeroDonativo` int(11) NOT NULL,
  `Descripcion` varchar(255) COLLATE utf8_unicode_ci NOT NULL,
  `Fecha` timestamp NOT NULL DEFAULT current_timestamp(),
  `id_Donador` int(11) NOT NULL
) ENGINE=InnoDB DEFAULT CHARSET=utf8 COLLATE=utf8_unicode_ci;

--
-- Dumping data for table `Donativos`
--

INSERT INTO `Donativos` (`NumeroDonativo`, `Descripcion`, `Fecha`, `id_Donador`) VALUES
(3, 'un tamal', '2020-11-03 08:36:00', 1),
(4, 'un boobaloo', '2020-11-04 02:39:28', 1),
(5, 'Hola', '2020-11-10 00:00:00', 1),
(6, 'Hola', '2020-11-13 00:00:00', 1),
(7, 'Dueño del domodin de dimsdale', '2020-11-16 00:00:00', 2),
(8, 'Donó unas noche buenas y escarchado para miches y carne seca', '2020-11-14 00:00:00', 2),
(9, 'Hola', '2020-11-30 00:00:00', 2),
(10, 'carne', '2020-11-16 00:00:00', 2),
(11, 'agua', '2020-11-10 00:00:00', 1),
(12, 'Dueño del domodin de dimsdale', '2020-11-09 00:00:00', 1),
(13, 'Hola', '2020-11-11 00:00:00', 2),
(14, 'fruta', '2020-11-25 00:00:00', 1),
(15, 'Ropa padre', '2020-11-17 00:00:00', 1),
(16, 'Dueño del domodin de dimsdale', '2020-11-20 00:00:00', 1),
(17, 'fruta deliciosa', '2020-11-09 00:00:00', 1),
(18, 'Comida y un bacacho', '2020-11-19 00:00:00', 2);

-- --------------------------------------------------------

--
-- Table structure for table `Empleado`
--

CREATE TABLE `Empleado` (
  `NumeroEmpleado` int(63) NOT NULL,
  `NombreEmpleado` varchar(255) COLLATE utf8_unicode_ci NOT NULL,
  `Correo` varchar(255) COLLATE utf8_unicode_ci NOT NULL,
  `id_Especialidad` int(63) NOT NULL,
  `Password` varchar(255) COLLATE utf8_unicode_ci NOT NULL
) ENGINE=InnoDB DEFAULT CHARSET=utf8 COLLATE=utf8_unicode_ci;

--
-- Dumping data for table `Empleado`
--

INSERT INTO `Empleado` (`NumeroEmpleado`, `NombreEmpleado`, `Correo`, `id_Especialidad`, `Password`) VALUES
(1, 'Asuncion', 'Asuncion@gmail.com', 1, 'Asuncion01'),
(3, 'Miles Morales', 'prueba@itesm.mx', 2, 'abc123'),
(4, 'Royer Donnet', 'A01209400@itesm.mx', 1, '12345'),
(5, 'Royer Donnet', 'royer@gmail.com', 2, 'aksdfjasldkfj');

-- --------------------------------------------------------

--
-- Table structure for table `Entidad`
--

CREATE TABLE `Entidad` (
  `id_Entidad` int(63) NOT NULL,
  `NombreEstado` varchar(255) COLLATE utf8_unicode_ci NOT NULL,
  `abreviacion` varchar(255) COLLATE utf8_unicode_ci NOT NULL,
  `pais` varchar(255) COLLATE utf8_unicode_ci NOT NULL
) ENGINE=InnoDB DEFAULT CHARSET=utf8 COLLATE=utf8_unicode_ci;

--
-- Dumping data for table `Entidad`
--

INSERT INTO `Entidad` (`id_Entidad`, `NombreEstado`, `abreviacion`, `pais`) VALUES
(1, 'Aguascalientes', 'Ags.', 'MX'),
(2, 'Baja California', 'BC', 'MX'),
(3, 'Baja California Sur', 'BCS', 'MX'),
(4, 'Campeche', 'Camp.', 'MX'),
(5, 'Coahuila de Zaragoza', 'Coah.', 'MX'),
(6, 'Colima', 'Col.', 'MX'),
(7, 'Chiapas', 'Chis.', 'MX'),
(8, 'Chihuahua', 'Chih.', 'MX'),
(9, 'Distrito Federal', 'DF', 'MX'),
(10, 'Durango', 'Dgo.', 'MX'),
(11, 'Guanajuato', 'Gto.', 'MX'),
(12, 'Guerrero', 'Gro.', 'MX'),
(13, 'Hidalgo', 'Hgo.', 'MX'),
(14, 'Jalisco', 'Jal.', 'MX'),
(15, 'México', 'Mex.', 'MX'),
(16, 'Michoacán de Ocampo', 'Mich.', 'MX'),
(17, 'Morelos', 'Mor.', 'MX'),
(18, 'Nayarit', 'Nay.', 'MX'),
(19, 'Nuevo León', 'NL', 'MX'),
(20, 'Oaxaca', 'Oax.', 'MX'),
(21, 'Puebla', 'Pue.', 'MX'),
(22, 'Querétaro', 'Qro.', 'MX'),
(23, 'Quintana Roo', 'Q. Roo', 'MX'),
(24, 'San Luis Potosí', 'SLP', 'MX'),
(25, 'Sinaloa', 'Sin.', 'MX'),
(26, 'Sonora', 'Son.', 'MX'),
(27, 'Tabasco', 'Tab.', 'MX'),
(28, 'Tamaulipas', 'Tamps.', 'MX'),
(29, 'Tlaxcala', 'Tlax.', 'MX'),
(30, 'Veracruz de Ignacio de la Llave', 'Ver.', 'MX'),
(31, 'Yucatán', 'Yuc.', 'MX'),
(32, 'Zacatecas', 'Zac.', 'MX');

-- --------------------------------------------------------

--
-- Table structure for table `Especialidad`
--

CREATE TABLE `Especialidad` (
  `id_Especialidad` int(11) NOT NULL,
  `Descripcion` varchar(30) COLLATE utf8_unicode_ci NOT NULL
) ENGINE=InnoDB DEFAULT CHARSET=utf8 COLLATE=utf8_unicode_ci;

--
-- Dumping data for table `Especialidad`
--

INSERT INTO `Especialidad` (`id_Especialidad`, `Descripcion`) VALUES
(1, 'Terapia física '),
(2, 'Terapia lenguaje');

-- --------------------------------------------------------

--
-- Table structure for table `Municipio`
--

CREATE TABLE `Municipio` (
  `idMunicipio` int(63) NOT NULL,
  `idEstado` int(63) NOT NULL,
  `nombreMunicipio` varchar(255) COLLATE utf8_unicode_ci NOT NULL,
  `idCab` int(63) NOT NULL,
  `nombreCab` varchar(255) COLLATE utf8_unicode_ci NOT NULL
) ENGINE=InnoDB DEFAULT CHARSET=utf8 COLLATE=utf8_unicode_ci;

--
-- Dumping data for table `Municipio`
--

INSERT INTO `Municipio` (`idMunicipio`, `idEstado`, `nombreMunicipio`, `idCab`, `nombreCab`) VALUES
(1, 1, 'Aguascalientes', 1, 'Aguascalientes'),
(1, 2, 'Ensenada', 1, 'Ensenada'),
(1, 3, 'Comondú', 1, 'Ciudad Constitución'),
(1, 4, 'Calkiní', 1, 'Calkiní'),
(1, 5, 'Abasolo', 1, 'Abasolo'),
(1, 6, 'Armería', 1, 'Ciudad de Armería'),
(1, 7, 'Acacoyagua', 1, 'Acacoyagua'),
(1, 8, 'Ahumada', 1, 'Miguel Ahumada'),
(1, 10, 'Canatlán', 1, 'Canatlán'),
(1, 11, 'Abasolo', 1, 'Abasolo'),
(1, 12, 'Acapulco de Juárez', 1, 'Acapulco de Juárez'),
(1, 13, 'Acatlán', 1, 'Acatlán'),
(1, 14, 'Acatic', 1, 'Acatic'),
(1, 15, 'Acambay de Ruíz Castañeda', 1, 'Villa de Acambay de Ruíz Castañeda'),
(1, 16, 'Acuitzio', 1, 'Acuitzio del Canje'),
(1, 17, 'Amacuzac', 1, 'Amacuzac'),
(1, 18, 'Acaponeta', 1, 'Acaponeta'),
(1, 19, 'Abasolo', 1, 'Abasolo'),
(1, 20, 'Abejones', 1, 'Abejones'),
(1, 21, 'Acajete', 1, 'Acajete'),
(1, 22, 'Amealco de Bonfil', 1, 'Amealco de Bonfil'),
(1, 23, 'Cozumel', 1, 'Cozumel'),
(1, 24, 'Ahualulco', 1, 'Ahualulco del Sonido 13'),
(1, 25, 'Ahome', 1, 'Los Mochis'),
(1, 26, 'Aconchi', 1, 'Aconchi'),
(1, 27, 'Balancán', 1, 'Balancán'),
(1, 28, 'Abasolo', 1, 'Abasolo'),
(1, 29, 'Amaxac de Guerrero', 1, 'Amaxac de Guerrero'),
(1, 30, 'Acajete', 1, 'Acajete'),
(1, 31, 'Abalá', 1, 'Abalá'),
(1, 32, 'Apozol', 1, 'Apozol'),
(2, 1, 'Asientos', 1, 'Asientos'),
(2, 2, 'Mexicali', 1, 'Mexicali'),
(2, 3, 'Mulegé', 1, 'Santa Rosalía'),
(2, 4, 'Campeche', 1, 'San Francisco de Campeche'),
(2, 5, 'Acuña', 1, 'Ciudad Acuña'),
(2, 6, 'Colima', 1, 'Colima'),
(2, 7, 'Acala', 1, 'Acala'),
(2, 8, 'Aldama', 1, 'Juan Aldama'),
(2, 9, 'Azcapotzalco', 1, 'N/A'),
(2, 10, 'Canelas', 1, 'Canelas'),
(2, 11, 'Acámbaro', 1, 'Acámbaro'),
(2, 12, 'Ahuacuotzingo', 1, 'Ahuacuotzingo'),
(2, 13, 'Acaxochitlán', 1, 'Acaxochitlán'),
(2, 14, 'Acatlán de Juárez', 1, 'Acatlán de Juárez'),
(2, 15, 'Acolman', 1, 'Acolman de Nezahualcóyotl'),
(2, 16, 'Aguililla', 1, 'Aguililla'),
(2, 17, 'Atlatlahucan', 1, 'Atlatlahucan'),
(2, 18, 'Ahuacatlán', 1, 'Ahuacatlán'),
(2, 19, 'Agualeguas', 1, 'Agualeguas'),
(2, 20, 'Acatlán de Pérez Figueroa', 1, 'Acatlán de Pérez Figueroa'),
(2, 21, 'Acateno', 1, 'San José Acateno'),
(2, 22, 'Pinal de Amoles', 1, 'Pinal de Amoles'),
(2, 23, 'Felipe Carrillo Puerto', 1, 'Felipe Carrillo Puerto'),
(2, 24, 'Alaquines', 1, 'Alaquines'),
(2, 25, 'Angostura', 1, 'Angostura'),
(2, 26, 'Agua Prieta', 1, 'Agua Prieta'),
(2, 27, 'Cárdenas', 1, 'Cárdenas'),
(2, 28, 'Aldama', 1, 'Aldama'),
(2, 29, 'Apetatitlán de Antonio Carvajal', 1, 'Apetatitlán'),
(2, 30, 'Acatlán', 1, 'Acatlán'),
(2, 31, 'Acanceh', 1, 'Acanceh'),
(2, 32, 'Apulco', 1, 'Apulco'),
(3, 1, 'Calvillo', 1, 'Calvillo'),
(3, 2, 'Tecate', 1, 'Tecate'),
(3, 3, 'La Paz', 1, 'La Paz'),
(3, 4, 'Carmen', 1, 'Ciudad del Carmen'),
(3, 5, 'Allende', 1, 'Allende'),
(3, 6, 'Comala', 1, 'Comala'),
(3, 7, 'Acapetahua', 1, 'Acapetahua'),
(3, 8, 'Allende', 1, 'Valle de Ignacio Allende'),
(3, 9, 'Coyoacán', 1, 'N/A'),
(3, 10, 'Coneto de Comonfort', 1, 'Coneto de Comonfort'),
(3, 11, 'San Miguel de Allende', 1, 'San Miguel de Allende'),
(3, 12, 'Ajuchitlán del Progreso', 1, 'Ajuchitlán del Progreso'),
(3, 13, 'Actopan', 1, 'Actopan'),
(3, 14, 'Ahualulco de Mercado', 1, 'Ahualulco de Mercado'),
(3, 15, 'Aculco', 1, 'Aculco de Espinoza'),
(3, 16, 'Álvaro Obregón', 1, 'Álvaro Obregón'),
(3, 17, 'Axochiapan', 1, 'Axochiapan'),
(3, 18, 'Amatlán de Cañas', 1, 'Amatlán de Cañas'),
(3, 19, 'Los Aldamas', 1, 'Los Aldamas'),
(3, 20, 'Asunción Cacalotepec', 1, 'Asunción Cacalotepec'),
(3, 21, 'Acatlán', 1, 'Acatlán de Osorio'),
(3, 22, 'Arroyo Seco', 1, 'Arroyo Seco'),
(3, 23, 'Isla Mujeres', 1, 'Isla Mujeres'),
(3, 24, 'Aquismón', 1, 'Aquismón'),
(3, 25, 'Badiraguato', 1, 'Badiraguato'),
(3, 26, 'Alamos', 1, 'Alamos'),
(3, 27, 'Centla', 1, 'Frontera'),
(3, 28, 'Altamira', 1, 'Altamira'),
(3, 29, 'Atlangatepec', 1, 'Atlangatepec'),
(3, 30, 'Acayucan', 1, 'Acayucan'),
(3, 31, 'Akil', 1, 'Akil'),
(3, 32, 'Atolinga', 1, 'Atolinga'),
(4, 1, 'Cosío', 1, 'Cosío'),
(4, 2, 'Tijuana', 1, 'Tijuana'),
(4, 4, 'Champotón', 1, 'Champotón'),
(4, 5, 'Arteaga', 1, 'Arteaga'),
(4, 6, 'Coquimatlán', 1, 'Coquimatlán'),
(4, 7, 'Altamirano', 1, 'Altamirano'),
(4, 8, 'Aquiles Serdán', 1, 'Santa Eulalia'),
(4, 9, 'Cuajimalpa de Morelos', 1, 'N/A'),
(4, 10, 'Cuencamé', 1, 'Cuencamé de Ceniceros'),
(4, 11, 'Apaseo el Alto', 1, 'Apaseo el Alto'),
(4, 12, 'Alcozauca de Guerrero', 1, 'Alcozauca de Guerrero'),
(4, 13, 'Agua Blanca de Iturbide', 1, 'Agua Blanca Iturbide'),
(4, 14, 'Amacueca', 1, 'Amacueca'),
(4, 15, 'Almoloya de Alquisiras', 1, 'Almoloya de Alquisiras'),
(4, 16, 'Angamacutiro', 1, 'Angamacutiro de la Unión'),
(4, 17, 'Ayala', 1, 'Ciudad Ayala'),
(4, 18, 'Compostela', 1, 'Compostela'),
(4, 19, 'Allende', 1, 'Ciudad de Allende'),
(4, 20, 'Asunción Cuyotepeji', 1, 'Asunción Cuyotepeji'),
(4, 21, 'Acatzingo', 1, 'Acatzingo de Hidalgo'),
(4, 22, 'Cadereyta de Montes', 1, 'Cadereyta de Montes'),
(4, 23, 'Othón P. Blanco', 1, 'Chetumal'),
(4, 24, 'Armadillo de los Infante', 1, 'Armadillo de los Infante'),
(4, 25, 'Concordia', 1, 'Concordia'),
(4, 26, 'Altar', 1, 'Altar'),
(4, 27, 'Centro', 1, 'Villahermosa'),
(4, 28, 'Antiguo Morelos', 1, 'Antiguo Morelos'),
(4, 29, 'Atltzayanca', 1, 'Atlzayanca'),
(4, 30, 'Actopan', 1, 'Actopan'),
(4, 31, 'Baca', 1, 'Baca'),
(4, 32, 'Benito Juárez', 1, 'Florencia'),
(5, 1, 'Jesús María', 1, 'Jesús María'),
(5, 2, 'Playas de Rosarito', 1, 'Playas de Rosarito'),
(5, 4, 'Hecelchakán', 1, 'Hecelchakán'),
(5, 5, 'Candela', 1, 'Candela'),
(5, 6, 'Cuauhtémoc', 1, 'Cuauhtémoc'),
(5, 7, 'Amatán', 1, 'Amatán'),
(5, 8, 'Ascensión', 1, 'Ascensión'),
(5, 9, 'Gustavo A. Madero', 1, 'N/A'),
(5, 10, 'Durango', 1, 'Victoria de Durango'),
(5, 11, 'Apaseo el Grande', 1, 'Apaseo el Grande'),
(5, 12, 'Alpoyeca', 1, 'Alpoyeca'),
(5, 13, 'Ajacuba', 1, 'Ajacuba'),
(5, 14, 'Amatitán', 1, 'Amatitán'),
(5, 15, 'Almoloya de Juárez', 1, 'Villa de Almoloya de Juárez'),
(5, 16, 'Angangueo', 1, 'Mineral de Angangueo'),
(5, 17, 'Coatlán del Río', 1, 'Coatlán del Río'),
(5, 18, 'Huajicori', 1, 'Huajicori'),
(5, 19, 'Anáhuac', 1, 'Anáhuac'),
(5, 20, 'Asunción Ixtaltepec', 1, 'Asunción Ixtaltepec'),
(5, 21, 'Acteopan', 1, 'Acteopan'),
(5, 22, 'Colón', 1, 'Colón'),
(5, 23, 'Benito Juárez', 1, 'Cancún'),
(5, 24, 'Cárdenas', 1, 'Cárdenas'),
(5, 25, 'Cosalá', 1, 'Cosalá'),
(5, 26, 'Arivechi', 1, 'Arivechi'),
(5, 27, 'Comalcalco', 1, 'Comalcalco'),
(5, 28, 'Burgos', 1, 'Burgos'),
(5, 29, 'Apizaco', 1, 'Ciudad de Apizaco'),
(5, 30, 'Acula', 1, 'Acula'),
(5, 31, 'Bokobá', 1, 'Bokobá'),
(5, 32, 'Calera', 1, 'Víctor Rosales'),
(6, 1, 'Pabellón de Arteaga', 1, 'Pabellón de Arteaga'),
(6, 4, 'Hopelchén', 1, 'Hopelchén'),
(6, 5, 'Castaños', 1, 'Castaños'),
(6, 6, 'Ixtlahuacán', 1, 'Ixtlahuacán'),
(6, 7, 'Amatenango de la Frontera', 1, 'Amatenango de la Frontera'),
(6, 8, 'Bachíniva', 1, 'Bachíniva'),
(6, 9, 'Iztacalco', 1, 'N/A'),
(6, 10, 'General Simón Bolívar', 1, 'General Simón Bolívar'),
(6, 11, 'Atarjea', 1, 'Atarjea'),
(6, 12, 'Apaxtla', 1, 'Ciudad Apaxtla de Castrejón'),
(6, 13, 'Alfajayucan', 1, 'Alfajayucan'),
(6, 14, 'Ameca', 1, 'Ameca'),
(6, 15, 'Almoloya del Río', 1, 'Almoloya del Río'),
(6, 16, 'Apatzingán', 1, 'Apatzingán de la Constitución'),
(6, 17, 'Cuautla', 1, 'Cuautla'),
(6, 18, 'Ixtlán del Río', 1, 'Ixtlán del Río'),
(6, 19, 'Apodaca', 1, 'Ciudad Apodaca'),
(6, 20, 'Asunción Nochixtlán', 1, 'Asunción Nochixtlán'),
(6, 21, 'Ahuacatlán', 1, 'Ahuacatlán'),
(6, 22, 'Corregidora', 1, 'El Pueblito'),
(6, 23, 'José María Morelos', 69, 'José María Morelos'),
(6, 24, 'Catorce', 1, 'Real de Catorce'),
(6, 25, 'Culiacán', 1, 'Culiacán Rosales'),
(6, 26, 'Arizpe', 1, 'Arizpe'),
(6, 27, 'Cunduacán', 1, 'Cunduacán'),
(6, 28, 'Bustamante', 1, 'Bustamante'),
(6, 29, 'Calpulalpan', 1, 'Calpulalpan'),
(6, 30, 'Acultzingo', 1, 'Acultzingo'),
(6, 31, 'Buctzotz', 1, 'Buctzotz'),
(6, 32, 'Cañitas de Felipe Pescador', 1, 'Cañitas de Felipe Pescador'),
(7, 1, 'Rincón de Romos', 1, 'Rincón de Romos'),
(7, 4, 'Palizada', 1, 'Palizada'),
(7, 5, 'Cuatro Ciénegas', 1, 'Cuatro Ciénegas de Carranza'),
(7, 6, 'Manzanillo', 1, 'Manzanillo'),
(7, 7, 'Amatenango del Valle', 1, 'Amatenango del Valle'),
(7, 8, 'Balleza', 1, 'Mariano Balleza'),
(7, 9, 'Iztapalapa', 1, 'N/A'),
(7, 10, 'Gómez Palacio', 1, 'Gómez Palacio'),
(7, 11, 'Celaya', 1, 'Celaya'),
(7, 12, 'Arcelia', 1, 'Arcelia'),
(7, 13, 'Almoloya', 1, 'Almoloya'),
(7, 14, 'San Juanito de Escobedo', 1, 'San Juanito de Escobedo'),
(7, 15, 'Amanalco', 1, 'Amanalco de Becerra'),
(7, 16, 'Aporo', 1, 'Aporo'),
(7, 17, 'Cuernavaca', 1, 'Cuernavaca'),
(7, 18, 'Jala', 1, 'Jala'),
(7, 19, 'Aramberri', 1, 'Aramberri'),
(7, 20, 'Asunción Ocotlán', 1, 'Asunción Ocotlán'),
(7, 21, 'Ahuatlán', 1, 'Ahuatlán'),
(7, 22, 'Ezequiel Montes', 1, 'Ezequiel Montes'),
(7, 23, 'Lázaro Cárdenas', 1, 'Kantunilkín'),
(7, 24, 'Cedral', 1, 'Cedral'),
(7, 25, 'Choix', 1, 'Choix'),
(7, 26, 'Atil', 1, 'Atil'),
(7, 27, 'Emiliano Zapata', 1, 'Emiliano Zapata'),
(7, 28, 'Camargo', 1, 'Ciudad Camargo'),
(7, 29, 'El Carmen Tequexquitla', 1, 'Villa de El Carmen Tequexquitla'),
(7, 30, 'Camarón de Tejeda', 1, 'Camarón de Tejeda'),
(7, 31, 'Cacalchén', 1, 'Cacalchén'),
(7, 32, 'Concepción del Oro', 1, 'Concepción del Oro'),
(8, 1, 'San José de Gracia', 1, 'San José de Gracia'),
(8, 3, 'Los Cabos', 1, 'San José del Cabo'),
(8, 4, 'Tenabo', 1, 'Tenabo'),
(8, 5, 'Escobedo', 1, 'Escobedo'),
(8, 6, 'Minatitlán', 1, 'Minatitlán'),
(8, 7, 'Angel Albino Corzo', 1, 'Jaltenango de la Paz (Angel Albino Corzo)'),
(8, 8, 'Batopilas', 1, 'Batopilas'),
(8, 9, 'La Magdalena Contreras', 1, 'N/A'),
(8, 10, 'Guadalupe Victoria', 1, 'Guadalupe Victoria'),
(8, 11, 'Manuel Doblado', 1, 'Ciudad Manuel Doblado'),
(8, 12, 'Atenango del Río', 1, 'Atenango del Río'),
(8, 13, 'Apan', 1, 'Apan'),
(8, 14, 'Arandas', 1, 'Arandas'),
(8, 15, 'Amatepec', 1, 'Amatepec'),
(8, 16, 'Aquila', 1, 'Aquila'),
(8, 17, 'Emiliano Zapata', 1, 'Emiliano Zapata'),
(8, 18, 'Xalisco', 1, 'Xalisco'),
(8, 19, 'Bustamante', 1, 'Bustamante'),
(8, 20, 'Asunción Tlacolulita', 1, 'Asunción Tlacolulita'),
(8, 21, 'Ahuazotepec', 1, 'Ahuazotepec'),
(8, 22, 'Huimilpan', 1, 'Huimilpan'),
(8, 23, 'Solidaridad', 1, 'Playa del Carmen'),
(8, 24, 'Cerritos', 1, 'Cerritos'),
(8, 25, 'Elota', 1, 'La Cruz'),
(8, 26, 'Bacadéhuachi', 1, 'Bacadéhuachi'),
(8, 27, 'Huimanguillo', 1, 'Huimanguillo'),
(8, 28, 'Casas', 1, 'Casas'),
(8, 29, 'Cuapiaxtla', 1, 'Cuapiaxtla'),
(8, 30, 'Alpatláhuac', 1, 'Alpatláhuac'),
(8, 31, 'Calotmul', 1, 'Calotmul'),
(8, 32, 'Cuauhtémoc', 1, 'San Pedro Piedra Gorda'),
(9, 1, 'Tepezalá', 1, 'Tepezalá'),
(9, 3, 'Loreto', 1, 'Loreto'),
(9, 4, 'Escárcega', 1, 'Escárcega'),
(9, 5, 'Francisco I. Madero', 1, 'Francisco I. Madero (Chávez)'),
(9, 6, 'Tecomán', 1, 'Tecomán'),
(9, 7, 'Arriaga', 1, 'Arriaga'),
(9, 8, 'Bocoyna', 1, 'Bocoyna'),
(9, 9, 'Milpa Alta', 1, 'N/A'),
(9, 10, 'Guanaceví', 1, 'Guanaceví'),
(9, 11, 'Comonfort', 1, 'Comonfort'),
(9, 12, 'Atlamajalcingo del Monte', 1, 'Atlamajalcingo del Monte'),
(9, 13, 'El Arenal', 1, 'El Arenal'),
(9, 14, 'El Arenal', 1, 'El Arenal'),
(9, 15, 'Amecameca', 1, 'Amecameca de Juárez'),
(9, 16, 'Ario', 1, 'Ario de Rosales'),
(9, 17, 'Huitzilac', 1, 'Huitzilac'),
(9, 18, 'Del Nayar', 1, 'Jesús María'),
(9, 19, 'Cadereyta Jiménez', 1, 'Cadereyta Jiménez'),
(9, 20, 'Ayotzintepec', 1, 'Ayotzintepec'),
(9, 21, 'Ahuehuetitla', 1, 'Ahuehuetitla'),
(9, 22, 'Jalpan de Serra', 1, 'Jalpan de Serra'),
(9, 23, 'Tulum', 1, 'Tulum'),
(9, 24, 'Cerro de San Pedro', 1, 'Cerro de San Pedro'),
(9, 25, 'Escuinapa', 1, 'Escuinapa de Hidalgo'),
(9, 26, 'Bacanora', 1, 'Bacanora'),
(9, 27, 'Jalapa', 1, 'Jalapa'),
(9, 28, 'Ciudad Madero', 1, 'Ciudad Madero'),
(9, 29, 'Cuaxomulco', 1, 'Cuaxomulco'),
(9, 30, 'Alto Lucero de Gutiérrez Barrios', 1, 'Alto Lucero'),
(9, 31, 'Cansahcab', 1, 'Cansahcab'),
(9, 32, 'Chalchihuites', 1, 'Chalchihuites'),
(10, 1, 'El Llano', 1, 'Palo Alto'),
(10, 4, 'Calakmul', 1, 'Xpujil'),
(10, 5, 'Frontera', 1, 'Frontera'),
(10, 6, 'Villa de Álvarez', 1, 'Ciudad de Villa de Álvarez'),
(10, 7, 'Bejucal de Ocampo', 1, 'Bejucal de Ocampo'),
(10, 8, 'Buenaventura', 1, 'San Buenaventura'),
(10, 9, 'Álvaro Obregón', 1, 'N/A'),
(10, 10, 'Hidalgo', 1, 'Villa Hidalgo'),
(10, 11, 'Coroneo', 1, 'Coroneo'),
(10, 12, 'Atlixtac', 1, 'Atlixtac'),
(10, 13, 'Atitalaquia', 1, 'Atitalaquia'),
(10, 14, 'Atemajac de Brizuela', 1, 'Atemajac de Brizuela'),
(10, 15, 'Apaxco', 1, 'Apaxco de Ocampo'),
(10, 16, 'Arteaga', 1, 'Arteaga'),
(10, 17, 'Jantetelco', 1, 'Jantetelco'),
(10, 18, 'Rosamorada', 1, 'Rosamorada'),
(10, 19, 'El Carmen', 1, 'Carmen'),
(10, 20, 'El Barrio de la Soledad', 1, 'El Barrio de la Soledad'),
(10, 21, 'Ajalpan', 1, 'Ciudad de Ajalpan'),
(10, 22, 'Landa de Matamoros', 1, 'Landa de Matamoros'),
(10, 23, 'Bacalar', 1, 'Bacalar'),
(10, 24, 'Ciudad del Maíz', 1, 'Ciudad del Maíz'),
(10, 25, 'El Fuerte', 1, 'El Fuerte'),
(10, 26, 'Bacerac', 1, 'Bacerac'),
(10, 27, 'Jalpa de Méndez', 1, 'Jalpa de Méndez'),
(10, 28, 'Cruillas', 1, 'Cruillas'),
(10, 29, 'Chiautempan', 1, 'Santa Ana Chiautempan'),
(10, 30, 'Altotonga', 1, 'Altotonga'),
(10, 31, 'Cantamayec', 1, 'Cantamayec'),
(10, 32, 'Fresnillo', 1, 'Fresnillo'),
(11, 1, 'San Francisco de los Romo', 1, 'San Francisco de los Romo'),
(11, 4, 'Candelaria', 1, 'Candelaria'),
(11, 5, 'General Cepeda', 1, 'General Cepeda'),
(11, 7, 'Bella Vista', 1, 'Bella Vista'),
(11, 8, 'Camargo', 1, 'Santa Rosalía de Camargo'),
(11, 9, 'Tláhuac', 1, 'N/A'),
(11, 10, 'Indé', 1, 'Indé'),
(11, 11, 'Cortazar', 1, 'Cortazar'),
(11, 12, 'Atoyac de Álvarez', 1, 'Atoyac de Álvarez'),
(11, 13, 'Atlapexco', 1, 'Atlapexco'),
(11, 14, 'Atengo', 1, 'Atengo'),
(11, 15, 'Atenco', 1, 'San Salvador Atenco'),
(11, 16, 'Briseñas', 1, 'Briseñas de Matamoros'),
(11, 17, 'Jiutepec', 1, 'Jiutepec'),
(11, 18, 'Ruíz', 1, 'Ruíz'),
(11, 19, 'Cerralvo', 1, 'Ciudad Cerralvo'),
(11, 20, 'Calihualá', 1, 'Calihualá'),
(11, 21, 'Albino Zertuche', 1, 'Acaxtlahuacán de Albino Zertuche'),
(11, 22, 'El Marqués', 1, 'La Cañada'),
(11, 24, 'Ciudad Fernández', 1, 'Ciudad Fernández'),
(11, 25, 'Guasave', 1, 'Guasave'),
(11, 26, 'Bacoachi', 1, 'Bacoachi'),
(11, 27, 'Jonuta', 1, 'Jonuta'),
(11, 28, 'Gómez Farías', 36, 'Gómez Farías'),
(11, 29, 'Muñoz de Domingo Arenas', 1, 'Muñoz'),
(11, 30, 'Alvarado', 1, 'Alvarado'),
(11, 31, 'Celestún', 1, 'Celestún'),
(11, 32, 'Trinidad García de la Cadena', 1, 'Trinidad García de la Cadena'),
(12, 5, 'Guerrero', 1, 'Guerrero'),
(12, 7, 'Berriozábal', 1, 'Berriozábal'),
(12, 8, 'Carichí', 1, 'Carichí'),
(12, 9, 'Tlalpan', 1, 'N/A'),
(12, 10, 'Lerdo', 1, 'Lerdo'),
(12, 11, 'Cuerámaro', 1, 'Cuerámaro'),
(12, 12, 'Ayutla de los Libres', 1, 'Ayutla de los Libres'),
(12, 13, 'Atotonilco el Grande', 1, 'Atotonilco el Grande'),
(12, 14, 'Atenguillo', 1, 'Atenguillo'),
(12, 15, 'Atizapán', 1, 'Santa Cruz Atizapán'),
(12, 16, 'Buenavista', 1, 'Buenavista Tomatlán'),
(12, 17, 'Jojutla', 1, 'Jojutla'),
(12, 18, 'San Blas', 1, 'San Blas'),
(12, 19, 'Ciénega de Flores', 1, 'Ciénega de Flores'),
(12, 20, 'Candelaria Loxicha', 1, 'Candelaria Loxicha'),
(12, 21, 'Aljojuca', 1, 'Aljojuca'),
(12, 22, 'Pedro Escobedo', 1, 'Pedro Escobedo'),
(12, 24, 'Tancanhuitz', 1, 'Tancanhuitz'),
(12, 25, 'Mazatlán', 1, 'Mazatlán'),
(12, 26, 'Bácum', 1, 'Bácum'),
(12, 27, 'Macuspana', 1, 'Macuspana'),
(12, 28, 'González', 1, 'González'),
(12, 29, 'Españita', 1, 'Españita'),
(12, 30, 'Amatitlán', 1, 'Amatitlán'),
(12, 31, 'Cenotillo', 1, 'Cenotillo'),
(12, 32, 'Genaro Codina', 1, 'Genaro Codina'),
(13, 5, 'Hidalgo', 1, 'Hidalgo'),
(13, 7, 'Bochil', 1, 'Bochil'),
(13, 8, 'Casas Grandes', 1, 'Casas Grandes'),
(13, 9, 'Xochimilco', 1, 'N/A'),
(13, 10, 'Mapimí', 1, 'Mapimí'),
(13, 11, 'Doctor Mora', 1, 'Doctor Mora'),
(13, 12, 'Azoyú', 1, 'Azoyú'),
(13, 13, 'Atotonilco de Tula', 1, 'Atotonilco de Tula'),
(13, 14, 'Atotonilco el Alto', 1, 'Atotonilco el Alto'),
(13, 15, 'Atizapán de Zaragoza', 1, 'Ciudad López Mateos'),
(13, 16, 'Carácuaro', 1, 'Carácuaro de Morelos'),
(13, 17, 'Jonacatepec', 1, 'Jonacatepec'),
(13, 18, 'San Pedro Lagunillas', 1, 'San Pedro Lagunillas'),
(13, 19, 'China', 1, 'China'),
(13, 20, 'Ciénega de Zimatlán', 1, 'Ciénega de Zimatlán'),
(13, 21, 'Altepexi', 1, 'Altepexi'),
(13, 22, 'Peñamiller', 1, 'Peñamiller'),
(13, 24, 'Ciudad Valles', 1, 'Ciudad Valles'),
(13, 25, 'Mocorito', 1, 'Mocorito'),
(13, 26, 'Banámichi', 1, 'Banámichi'),
(13, 27, 'Nacajuca', 1, 'Nacajuca'),
(13, 28, 'Güémez', 1, 'Güémez'),
(13, 29, 'Huamantla', 1, 'Huamantla'),
(13, 30, 'Naranjos Amatlán', 1, 'Naranjos'),
(13, 31, 'Conkal', 1, 'Conkal'),
(13, 32, 'General Enrique Estrada', 1, 'General Enrique Estrada'),
(14, 5, 'Jiménez', 1, 'Jiménez'),
(14, 7, 'El Bosque', 1, 'El Bosque'),
(14, 8, 'Coronado', 1, 'José Esteban Coronado'),
(14, 9, 'Benito Juárez', 1, 'N/A'),
(14, 10, 'Mezquital', 1, 'San Francisco del Mezquital'),
(14, 11, 'Dolores Hidalgo Cuna de la Independencia Nacional', 1, 'Dolores Hidalgo Cuna de la Independencia Nacional'),
(14, 12, 'Benito Juárez', 1, 'San Jerónimo de Juárez'),
(14, 13, 'Calnali', 1, 'Calnali'),
(14, 14, 'Atoyac', 1, 'Atoyac'),
(14, 15, 'Atlacomulco', 1, 'Atlacomulco de Fabela'),
(14, 16, 'Coahuayana', 1, 'Coahuayana de Hidalgo'),
(14, 17, 'Mazatepec', 1, 'Mazatepec'),
(14, 18, 'Santa María del Oro', 1, 'Santa María del Oro'),
(14, 19, 'Doctor Arroyo', 1, 'Doctor Arroyo'),
(14, 20, 'Ciudad Ixtepec', 1, 'Ciudad Ixtepec'),
(14, 21, 'Amixtlán', 1, 'Amixtlán'),
(14, 22, 'Querétaro', 1, 'Santiago de Querétaro'),
(14, 24, 'Coxcatlán', 1, 'Coxcatlán'),
(14, 25, 'Rosario', 1, 'El Rosario'),
(14, 26, 'Baviácora', 1, 'Baviácora'),
(14, 27, 'Paraíso', 1, 'Paraíso'),
(14, 28, 'Guerrero', 1, 'Nueva Ciudad Guerrero'),
(14, 29, 'Hueyotlipan', 1, 'Hueyotlipan'),
(14, 30, 'Amatlán de los Reyes', 1, 'Amatlán de los Reyes'),
(14, 31, 'Cuncunul', 1, 'Cuncunul'),
(14, 32, 'General Francisco R. Murguía', 1, 'Nieves'),
(15, 5, 'Juárez', 1, 'Juárez'),
(15, 7, 'Cacahoatán', 1, 'Cacahoatán'),
(15, 8, 'Coyame del Sotol', 1, 'Santiago de Coyame'),
(15, 9, 'Cuauhtémoc', 1, 'N/A'),
(15, 10, 'Nazas', 1, 'Nazas'),
(15, 11, 'Guanajuato', 1, 'Guanajuato'),
(15, 12, 'Buenavista de Cuéllar', 1, 'Buenavista de Cuéllar'),
(15, 13, 'Cardonal', 1, 'Cardonal'),
(15, 14, 'Autlán de Navarro', 1, 'Autlán de Navarro'),
(15, 15, 'Atlautla', 1, 'Atlautla de Victoria'),
(15, 16, 'Coalcomán de Vázquez Pallares', 1, 'Coalcomán de Vázquez Pallares'),
(15, 17, 'Miacatlán', 1, 'Miacatlán'),
(15, 18, 'Santiago Ixcuintla', 1, 'Santiago Ixcuintla'),
(15, 19, 'Doctor Coss', 1, 'Doctor Coss'),
(15, 20, 'Coatecas Altas', 1, 'Coatecas Altas'),
(15, 21, 'Amozoc', 1, 'Amozoc de Mota'),
(15, 22, 'San Joaquín', 1, 'San Joaquín'),
(15, 24, 'Charcas', 1, 'Charcas'),
(15, 25, 'Salvador Alvarado', 1, 'Guamúchil'),
(15, 26, 'Bavispe', 1, 'Bavispe'),
(15, 27, 'Tacotalpa', 1, 'Tacotalpa'),
(15, 28, 'Gustavo Díaz Ordaz', 1, 'Ciudad Gustavo Díaz Ordaz'),
(15, 29, 'Ixtacuixtla de Mariano Matamoros', 1, 'Villa Mariano Matamoros'),
(15, 30, 'Angel R. Cabada', 1, 'Ángel R. Cabada'),
(15, 31, 'Cuzamá', 1, 'Cuzamá'),
(15, 32, 'El Plateado de Joaquín Amaro', 1, 'El Plateado de Joaquín Amaro'),
(16, 5, 'Lamadrid', 1, 'Lamadrid'),
(16, 7, 'Catazajá', 1, 'Catazajá'),
(16, 8, 'La Cruz', 1, 'La Cruz'),
(16, 9, 'Miguel Hidalgo', 1, 'N/A'),
(16, 10, 'Nombre de Dios', 1, 'Nombre de Dios'),
(16, 11, 'Huanímaro', 1, 'Huanímaro'),
(16, 12, 'Coahuayutla de José María Izazaga', 1, 'Coahuayutla de Guerrero'),
(16, 13, 'Cuautepec de Hinojosa', 1, 'Cuautepec de Hinojosa'),
(16, 14, 'Ayotlán', 1, 'Ayotlán'),
(16, 15, 'Axapusco', 1, 'Axapusco'),
(16, 16, 'Coeneo', 1, 'Coeneo de la Libertad'),
(16, 17, 'Ocuituco', 1, 'Ocuituco'),
(16, 18, 'Tecuala', 1, 'Tecuala'),
(16, 19, 'Doctor González', 1, 'Doctor González'),
(16, 20, 'Coicoyán de las Flores', 1, 'Coicoyán de las Flores'),
(16, 21, 'Aquixtla', 1, 'Aquixtla'),
(16, 22, 'San Juan del Río', 1, 'San Juan del Río'),
(16, 24, 'Ebano', 1, 'Ebano'),
(16, 25, 'San Ignacio', 1, 'San Ignacio'),
(16, 26, 'Benjamín Hill', 1, 'Benjamín Hill'),
(16, 27, 'Teapa', 1, 'Teapa'),
(16, 28, 'Hidalgo', 1, 'Hidalgo'),
(16, 29, 'Ixtenco', 1, 'Ixtenco'),
(16, 30, 'La Antigua', 1, 'José Cardel'),
(16, 31, 'Chacsinkín', 1, 'Chacsinkín'),
(16, 32, 'General Pánfilo Natera', 1, 'General Pánfilo Natera'),
(17, 5, 'Matamoros', 1, 'Matamoros'),
(17, 7, 'Cintalapa', 1, 'Cintalapa de Figueroa'),
(17, 8, 'Cuauhtémoc', 1, 'Cuauhtémoc'),
(17, 9, 'Venustiano Carranza', 1, 'N/A'),
(17, 10, 'Ocampo', 1, 'Villa Ocampo'),
(17, 11, 'Irapuato', 1, 'Irapuato'),
(17, 12, 'Cocula', 1, 'Cocula'),
(17, 13, 'Chapantongo', 1, 'Chapantongo'),
(17, 14, 'Ayutla', 1, 'Ayutla'),
(17, 15, 'Ayapango', 1, 'Ayapango de Gabriel Ramos M.'),
(17, 16, 'Contepec', 1, 'Contepec'),
(17, 17, 'Puente de Ixtla', 1, 'Puente de Ixtla'),
(17, 18, 'Tepic', 1, 'Tepic'),
(17, 19, 'Galeana', 1, 'Galeana'),
(17, 20, 'La Compañía', 1, 'La Compañía'),
(17, 21, 'Atempan', 1, 'Atempan'),
(17, 22, 'Tequisquiapan', 1, 'Tequisquiapan'),
(17, 24, 'Guadalcázar', 1, 'Guadalcázar'),
(17, 25, 'Sinaloa', 1, 'Sinaloa de Leyva'),
(17, 26, 'Caborca', 1, 'Heroica Caborca'),
(17, 27, 'Tenosique', 1, 'Tenosique de Pino Suárez'),
(17, 28, 'Jaumave', 1, 'Jaumave'),
(17, 29, 'Mazatecochco de José María Morelos', 1, 'Mazatecochco'),
(17, 30, 'Apazapan', 1, 'Apazapan'),
(17, 31, 'Chankom', 1, 'Chankom'),
(17, 32, 'Guadalupe', 1, 'Guadalupe'),
(18, 5, 'Monclova', 1, 'Monclova'),
(18, 7, 'Coapilla', 1, 'Coapilla'),
(18, 8, 'Cusihuiriachi', 1, 'Cusihuiriachi'),
(18, 10, 'El Oro', 1, 'Santa María del Oro'),
(18, 11, 'Jaral del Progreso', 1, 'Jaral del Progreso'),
(18, 12, 'Copala', 1, 'Copala'),
(18, 13, 'Chapulhuacán', 1, 'Chapulhuacán'),
(18, 14, 'La Barca', 1, 'La Barca'),
(18, 15, 'Calimaya', 1, 'Calimaya de Díaz González'),
(18, 16, 'Copándaro', 1, 'Copándaro de Galeana'),
(18, 17, 'Temixco', 1, 'Temixco'),
(18, 18, 'Tuxpan', 1, 'Tuxpan'),
(18, 19, 'García', 1, 'García'),
(18, 20, 'Concepción Buenavista', 1, 'Concepción Buenavista'),
(18, 21, 'Atexcal', 1, 'San Martín Atexcal'),
(18, 22, 'Tolimán', 1, 'Tolimán'),
(18, 24, 'Huehuetlán', 1, 'Huehuetlán'),
(18, 25, 'Navolato', 1, 'Navolato'),
(18, 26, 'Cajeme', 1, 'Ciudad Obregón'),
(18, 28, 'Jiménez', 1, 'Santander Jiménez'),
(18, 29, 'Contla de Juan Cuamatzi', 1, 'Contla'),
(18, 30, 'Aquila', 1, 'Aquila'),
(18, 31, 'Chapab', 1, 'Chapab'),
(18, 32, 'Huanusco', 1, 'Huanusco'),
(19, 5, 'Morelos', 1, 'Morelos'),
(19, 7, 'Comitán de Domínguez', 1, 'Comitán de Domínguez'),
(19, 8, 'Chihuahua', 1, 'Chihuahua'),
(19, 10, 'Otáez', 1, 'Otáez'),
(19, 11, 'Jerécuaro', 1, 'Jerécuaro'),
(19, 12, 'Copalillo', 1, 'Copalillo'),
(19, 13, 'Chilcuautla', 1, 'Chilcuautla'),
(19, 14, 'Bolaños', 1, 'Bolaños'),
(19, 15, 'Capulhuac', 1, 'Capulhuac de Mirafuentes'),
(19, 16, 'Cotija', 1, 'Cotija de la Paz'),
(19, 17, 'Tepalcingo', 1, 'Tepalcingo'),
(19, 18, 'La Yesca', 1, 'La Yesca'),
(19, 19, 'San Pedro Garza García', 1, 'San Pedro Garza García'),
(19, 20, 'Concepción Pápalo', 1, 'Concepción Pápalo'),
(19, 21, 'Atlixco', 1, 'Atlixco'),
(19, 24, 'Lagunillas', 1, 'Lagunillas'),
(19, 26, 'Cananea', 1, 'Heroica Ciudad de Cananea'),
(19, 28, 'Llera', 1, 'Llera de Canales'),
(19, 29, 'Tepetitla de Lardizábal', 1, 'Tepetitla'),
(19, 30, 'Astacinga', 1, 'Astacinga'),
(19, 31, 'Chemax', 1, 'Chemax'),
(19, 32, 'Jalpa', 1, 'Jalpa'),
(20, 5, 'Múzquiz', 1, 'Ciudad Melchor Múzquiz'),
(20, 7, 'La Concordia', 1, 'La Concordia'),
(20, 8, 'Chínipas', 1, 'Chínipas de Almada'),
(20, 10, 'Pánuco de Coronado', 1, 'Francisco I. Madero'),
(20, 11, 'León', 1, 'León de los Aldama'),
(20, 12, 'Copanatoyac', 1, 'Copanatoyac'),
(20, 13, 'Eloxochitlán', 1, 'Eloxochitlán'),
(20, 14, 'Cabo Corrientes', 1, 'El Tuito'),
(20, 15, 'Coacalco de Berriozábal', 1, 'San Francisco Coacalco'),
(20, 16, 'Cuitzeo', 1, 'Cuitzeo del Porvenir'),
(20, 17, 'Tepoztlán', 1, 'Tepoztlán'),
(20, 18, 'Bahía de Banderas', 1, 'Valle de Banderas'),
(20, 19, 'General Bravo', 1, 'General Bravo'),
(20, 20, 'Constancia del Rosario', 1, 'Constancia del Rosario'),
(20, 21, 'Atoyatempan', 1, 'Atoyatempan'),
(20, 24, 'Matehuala', 1, 'Matehuala'),
(20, 26, 'Carbó', 1, 'Carbó'),
(20, 28, 'Mainero', 1, 'Villa Mainero'),
(20, 29, 'Sanctórum de Lázaro Cárdenas', 1, 'Sanctórum'),
(20, 30, 'Atlahuilco', 1, 'Atlahuilco'),
(20, 31, 'Chicxulub Pueblo', 1, 'Chicxulub Pueblo'),
(20, 32, 'Jerez', 1, 'Jerez de García Salinas'),
(21, 5, 'Nadadores', 1, 'Nadadores'),
(21, 7, 'Copainalá', 1, 'Copainalá'),
(21, 8, 'Delicias', 1, 'Delicias'),
(21, 10, 'Peñón Blanco', 1, 'Peñón Blanco'),
(21, 11, 'Moroleón', 1, 'Moroleón'),
(21, 12, 'Coyuca de Benítez', 1, 'Coyuca de Benítez'),
(21, 13, 'Emiliano Zapata', 1, 'Emiliano Zapata'),
(21, 14, 'Casimiro Castillo', 1, 'La Resolana'),
(21, 15, 'Coatepec Harinas', 1, 'Coatepec Harinas'),
(21, 16, 'Charapan', 1, 'Charapan'),
(21, 17, 'Tetecala', 1, 'Tetecala'),
(21, 19, 'General Escobedo', 1, 'Ciudad General Escobedo'),
(21, 20, 'Cosolapa', 1, 'Cosolapa'),
(21, 21, 'Atzala', 1, 'Atzala'),
(21, 24, 'Mexquitic de Carmona', 1, 'Mexquitic de Carmona'),
(21, 26, 'La Colorada', 1, 'La Colorada'),
(21, 28, 'El Mante', 1, 'Ciudad Mante'),
(21, 29, 'Nanacamilpa de Mariano Arista', 1, 'Ciudad de Nanacamilpa'),
(21, 30, 'Atoyac', 1, 'Atoyac'),
(21, 31, 'Chichimilá', 1, 'Chichimilá'),
(21, 32, 'Jiménez del Teul', 1, 'Jiménez del Teul'),
(22, 5, 'Nava', 1, 'Nava'),
(22, 7, 'Chalchihuitán', 1, 'Chalchihuitán'),
(22, 8, 'Dr. Belisario Domínguez', 1, 'San Lorenzo'),
(22, 10, 'Poanas', 1, 'Villa Unión'),
(22, 11, 'Ocampo', 1, 'Ocampo'),
(22, 12, 'Coyuca de Catalán', 1, 'Coyuca de Catalán'),
(22, 13, 'Epazoyucan', 1, 'Epazoyucan'),
(22, 14, 'Cihuatlán', 1, 'Cihuatlán'),
(22, 15, 'Cocotitlán', 1, 'Cocotitlán'),
(22, 16, 'Charo', 1, 'Charo'),
(22, 17, 'Tetela del Volcán', 1, 'Tetela del Volcán'),
(22, 19, 'General Terán', 1, 'Ciudad General Terán'),
(22, 20, 'Cosoltepec', 1, 'Cosoltepec'),
(22, 21, 'Atzitzihuacán', 1, 'Santiago Atzitzihuacán'),
(22, 24, 'Moctezuma', 1, 'Moctezuma'),
(22, 26, 'Cucurpe', 1, 'Cucurpe'),
(22, 28, 'Matamoros', 1, 'Heroica Matamoros'),
(22, 29, 'Acuamanala de Miguel Hidalgo', 1, 'Acuamanala'),
(22, 30, 'Atzacan', 1, 'Atzacan'),
(22, 31, 'Chikindzonot', 1, 'Chikindzonot'),
(22, 32, 'Juan Aldama', 1, 'Juan Aldama'),
(23, 5, 'Ocampo', 1, 'Ocampo'),
(23, 7, 'Chamula', 1, 'Chamula'),
(23, 8, 'Galeana', 1, 'Hermenegildo Galeana'),
(23, 10, 'Pueblo Nuevo', 1, 'El Salto'),
(23, 11, 'Pénjamo', 1, 'Pénjamo'),
(23, 12, 'Cuajinicuilapa', 1, 'Cuajinicuilapa'),
(23, 13, 'Francisco I. Madero', 1, 'Tepatepec'),
(23, 14, 'Zapotlán el Grande', 1, 'Ciudad Guzmán'),
(23, 15, 'Coyotepec', 1, 'Coyotepec'),
(23, 16, 'Chavinda', 1, 'Chavinda'),
(23, 17, 'Tlalnepantla', 1, 'Tlalnepantla'),
(23, 19, 'General Treviño', 1, 'General Treviño'),
(23, 20, 'Cuilápam de Guerrero', 1, 'Cuilápam de Guerrero'),
(23, 21, 'Atzitzintla', 1, 'Atzitzintla'),
(23, 24, 'Rayón', 1, 'Rayón'),
(23, 26, 'Cumpas', 1, 'Cumpas'),
(23, 28, 'Méndez', 1, 'Méndez'),
(23, 29, 'Natívitas', 1, 'Natívitas'),
(23, 30, 'Atzalan', 1, 'Atzalan'),
(23, 31, 'Chocholá', 1, 'Chocholá'),
(23, 32, 'Juchipila', 1, 'Juchipila'),
(24, 5, 'Parras', 1, 'Parras de la Fuente'),
(24, 7, 'Chanal', 1, 'Chanal'),
(24, 8, 'Santa Isabel', 1, 'Santa Isabel'),
(24, 10, 'Rodeo', 1, 'Rodeo'),
(24, 11, 'Pueblo Nuevo', 1, 'Pueblo Nuevo'),
(24, 12, 'Cualác', 1, 'Cualác'),
(24, 13, 'Huasca de Ocampo', 1, 'Huasca de Ocampo'),
(24, 14, 'Cocula', 1, 'Cocula'),
(24, 15, 'Cuautitlán', 1, 'Cuautitlán'),
(24, 16, 'Cherán', 1, 'Cherán'),
(24, 17, 'Tlaltizapán de Zapata', 1, 'Tlaltizapán'),
(24, 19, 'General Zaragoza', 1, 'General Zaragoza'),
(24, 20, 'Cuyamecalco Villa de Zaragoza', 1, 'Cuyamecalco Villa de Zaragoza'),
(24, 21, 'Axutla', 1, 'Axutla'),
(24, 24, 'Rioverde', 1, 'Rioverde'),
(24, 26, 'Divisaderos', 1, 'Divisaderos'),
(24, 28, 'Mier', 1, 'Mier'),
(24, 29, 'Panotla', 1, 'Panotla'),
(24, 30, 'Tlaltetela', 1, 'Tlaltetela'),
(24, 31, 'Chumayel', 1, 'Chumayel'),
(24, 32, 'Loreto', 1, 'Loreto'),
(25, 5, 'Piedras Negras', 1, 'Piedras Negras'),
(25, 7, 'Chapultenango', 1, 'Chapultenango'),
(25, 8, 'Gómez Farías', 1, 'Valentín Gómez Farías'),
(25, 10, 'San Bernardo', 1, 'San Bernardo'),
(25, 11, 'Purísima del Rincón', 1, 'Purísima de Bustos'),
(25, 12, 'Cuautepec', 1, 'Cuautepec'),
(25, 13, 'Huautla', 1, 'Huautla'),
(25, 14, 'Colotlán', 1, 'Colotlán'),
(25, 15, 'Chalco', 1, 'Chalco de Díaz Covarrubias'),
(25, 16, 'Chilchota', 1, 'Chilchota'),
(25, 17, 'Tlaquiltenango', 1, 'Tlaquiltenango'),
(25, 19, 'General Zuazua', 1, 'General Zuazua'),
(25, 20, 'Chahuites', 1, 'Chahuites'),
(25, 21, 'Ayotoxco de Guerrero', 1, 'Ayotoxco de Guerrero'),
(25, 24, 'Salinas', 1, 'Salinas de Hidalgo'),
(25, 26, 'Empalme', 1, 'Empalme'),
(25, 28, 'Miguel Alemán', 1, 'Ciudad Miguel Alemán'),
(25, 29, 'San Pablo del Monte', 1, 'Villa Vicente Guerrero'),
(25, 30, 'Ayahualulco', 1, 'Ayahualulco'),
(25, 31, 'Dzán', 1, 'Dzán'),
(25, 32, 'Luis Moya', 1, 'Luis Moya'),
(26, 5, 'Progreso', 1, 'Progreso'),
(26, 7, 'Chenalhó', 1, 'Chenalhó'),
(26, 8, 'Gran Morelos', 1, 'San Nicolás de Carretas'),
(26, 10, 'San Dimas', 1, 'Tayoltita'),
(26, 11, 'Romita', 1, 'Romita'),
(26, 12, 'Cuetzala del Progreso', 1, 'Cuetzala del Progreso'),
(26, 13, 'Huazalingo', 1, 'Huazalingo'),
(26, 14, 'Concepción de Buenos Aires', 1, 'Concepción de Buenos Aires'),
(26, 15, 'Chapa de Mota', 1, 'Chapa de Mota'),
(26, 16, 'Chinicuila', 1, 'Villa Victoria'),
(26, 17, 'Tlayacapan', 1, 'Tlayacapan'),
(26, 19, 'Guadalupe', 1, 'Guadalupe'),
(26, 20, 'Chalcatongo de Hidalgo', 1, 'Chalcatongo de Hidalgo'),
(26, 21, 'Calpan', 1, 'San Andrés Calpan'),
(26, 24, 'San Antonio', 1, 'San Antonio'),
(26, 26, 'Etchojoa', 1, 'Etchojoa'),
(26, 28, 'Miquihuana', 1, 'Miquihuana'),
(26, 29, 'Santa Cruz Tlaxcala', 1, 'Santa Cruz Tlaxcala'),
(26, 30, 'Banderilla', 1, 'Banderilla'),
(26, 31, 'Dzemul', 1, 'Dzemul'),
(26, 32, 'Mazapil', 1, 'Mazapil'),
(27, 5, 'Ramos Arizpe', 1, 'Ramos Arizpe'),
(27, 7, 'Chiapa de Corzo', 1, 'Chiapa de Corzo'),
(27, 8, 'Guachochi', 1, 'Guachochi'),
(27, 10, 'San Juan de Guadalupe', 1, 'San Juan de Guadalupe'),
(27, 11, 'Salamanca', 1, 'Salamanca'),
(27, 12, 'Cutzamala de Pinzón', 1, 'Cutzamala de Pinzón'),
(27, 13, 'Huehuetla', 1, 'Huehuetla'),
(27, 14, 'Cuautitlán de García Barragán', 1, 'Cuautitlán de García Barragán'),
(27, 15, 'Chapultepec', 1, 'Chapultepec'),
(27, 16, 'Chucándiro', 1, 'Chucándiro'),
(27, 17, 'Totolapan', 1, 'Totolapan'),
(27, 19, 'Los Herreras', 1, 'Los Herreras'),
(27, 20, 'Chiquihuitlán de Benito Juárez', 1, 'Chiquihuitlán de Benito Juárez'),
(27, 21, 'Caltepec', 1, 'Caltepec'),
(27, 24, 'San Ciro de Acosta', 1, 'San Ciro de Acosta'),
(27, 26, 'Fronteras', 1, 'Fronteras'),
(27, 28, 'Nuevo Laredo', 1, 'Nuevo Laredo'),
(27, 29, 'Tenancingo', 1, 'Tenancingo'),
(27, 30, 'Benito Juárez', 1, 'Benito Juárez'),
(27, 31, 'Dzidzantún', 1, 'Dzidzantún'),
(27, 32, 'Melchor Ocampo', 1, 'Melchor Ocampo'),
(28, 5, 'Sabinas', 1, 'Sabinas'),
(28, 7, 'Chiapilla', 1, 'Chiapilla'),
(28, 8, 'Guadalupe', 1, 'Guadalupe'),
(28, 10, 'San Juan del Río', 1, 'San Juan del Río del Centauro del Norte'),
(28, 11, 'Salvatierra', 1, 'Salvatierra'),
(28, 12, 'Chilapa de Álvarez', 1, 'Chilapa de Álvarez'),
(28, 13, 'Huejutla de Reyes', 1, 'Huejutla de Reyes'),
(28, 14, 'Cuautla', 1, 'Cuautla'),
(28, 15, 'Chiautla', 1, 'Chiautla'),
(28, 16, 'Churintzio', 1, 'Churintzio'),
(28, 17, 'Xochitepec', 1, 'Xochitepec'),
(28, 19, 'Higueras', 1, 'Higueras'),
(28, 20, 'Heroica Ciudad de Ejutla de Crespo', 1, 'Heroica Ciudad de Ejutla de Crespo'),
(28, 21, 'Camocuautla', 1, 'Camocuautla'),
(28, 24, 'San Luis Potosí', 1, 'San Luis Potosí'),
(28, 26, 'Granados', 1, 'Granados'),
(28, 28, 'Nuevo Morelos', 1, 'Nuevo Morelos'),
(28, 29, 'Teolocholco', 1, 'Teolocholco'),
(28, 30, 'Boca del Río', 1, 'Boca del Río'),
(28, 31, 'Dzilam de Bravo', 1, 'Dzilam de Bravo'),
(28, 32, 'Mezquital del Oro', 1, 'Mezquital del Oro'),
(29, 5, 'Sacramento', 1, 'Sacramento'),
(29, 7, 'Chicoasén', 1, 'Chicoasén'),
(29, 8, 'Guadalupe y Calvo', 1, 'Guadalupe y Calvo'),
(29, 10, 'San Luis del Cordero', 1, 'San Luis del Cordero'),
(29, 11, 'San Diego de la Unión', 1, 'San Diego de la Unión'),
(29, 12, 'Chilpancingo de los Bravo', 1, 'Chilpancingo de los Bravo'),
(29, 13, 'Huichapan', 1, 'Huichapan'),
(29, 14, 'Cuquío', 1, 'Cuquío'),
(29, 15, 'Chicoloapan', 1, 'Chicoloapan de Juárez'),
(29, 16, 'Churumuco', 1, 'Churumuco de Morelos'),
(29, 17, 'Yautepec', 1, 'Yautepec de Zaragoza'),
(29, 19, 'Hualahuises', 1, 'Hualahuises'),
(29, 20, 'Eloxochitlán de Flores Magón', 1, 'Eloxochitlán de Flores Magón'),
(29, 21, 'Caxhuacan', 1, 'Caxhuacan'),
(29, 24, 'San Martín Chalchicuautla', 1, 'San Martín Chalchicuautla'),
(29, 26, 'Guaymas', 1, 'Heroica Guaymas'),
(29, 28, 'Ocampo', 1, 'Ocampo'),
(29, 29, 'Tepeyanco', 1, 'Tepeyanco'),
(29, 30, 'Calcahualco', 1, 'Calcahualco'),
(29, 31, 'Dzilam González', 1, 'Dzilam González'),
(29, 32, 'Miguel Auza', 1, 'Miguel Auza'),
(30, 5, 'Saltillo', 1, 'Saltillo'),
(30, 7, 'Chicomuselo', 1, 'Chicomuselo'),
(30, 8, 'Guazapares', 1, 'Témoris'),
(30, 10, 'San Pedro del Gallo', 1, 'San Pedro del Gallo'),
(30, 11, 'San Felipe', 1, 'San Felipe'),
(30, 12, 'Florencio Villarreal', 1, 'Cruz Grande'),
(30, 13, 'Ixmiquilpan', 1, 'Ixmiquilpan'),
(30, 14, 'Chapala', 1, 'Chapala'),
(30, 15, 'Chiconcuac', 1, 'Chiconcuac de Juárez'),
(30, 16, 'Ecuandureo', 1, 'Ecuandureo'),
(30, 17, 'Yecapixtla', 1, 'Yecapixtla'),
(30, 19, 'Iturbide', 1, 'Iturbide'),
(30, 20, 'El Espinal', 1, 'El Espinal'),
(30, 21, 'Coatepec', 1, 'Coatepec'),
(30, 24, 'San Nicolás Tolentino', 1, 'San Nicolás Tolentino'),
(30, 26, 'Hermosillo', 1, 'Hermosillo'),
(30, 28, 'Padilla', 1, 'Nueva Villa de Padilla'),
(30, 29, 'Terrenate', 1, 'Terrenate'),
(30, 30, 'Camerino Z. Mendoza', 1, 'Ciudad Mendoza'),
(30, 31, 'Dzitás', 1, 'Dzitás'),
(30, 32, 'Momax', 1, 'Momax'),
(31, 5, 'San Buenaventura', 1, 'San Buenaventura'),
(31, 7, 'Chilón', 1, 'Chilón'),
(31, 8, 'Guerrero', 1, 'Vicente Guerrero'),
(31, 10, 'Santa Clara', 1, 'Santa Clara'),
(31, 11, 'San Francisco del Rincón', 1, 'San Francisco del Rincón'),
(31, 12, 'General Canuto A. Neri', 1, 'Acapetlahuaya'),
(31, 13, 'Jacala de Ledezma', 1, 'Jacala'),
(31, 14, 'Chimaltitán', 1, 'Chimaltitán'),
(31, 15, 'Chimalhuacán', 1, 'Chimalhuacán'),
(31, 16, 'Epitacio Huerta', 1, 'Epitacio Huerta'),
(31, 17, 'Zacatepec', 1, 'Zacatepec de Hidalgo'),
(31, 19, 'Juárez', 1, 'Ciudad Benito Juárez'),
(31, 20, 'Tamazulápam del Espíritu Santo', 1, 'Tamazulápam del Espíritu Santo'),
(31, 21, 'Coatzingo', 1, 'Coatzingo'),
(31, 24, 'Santa Catarina', 1, 'Santa Catarina'),
(31, 26, 'Huachinera', 1, 'Huachinera'),
(31, 28, 'Palmillas', 1, 'Palmillas'),
(31, 29, 'Tetla de la Solidaridad', 1, 'Tetla'),
(31, 30, 'Carrillo Puerto', 1, 'Tamarindo'),
(31, 31, 'Dzoncauich', 1, 'Dzoncauich'),
(31, 32, 'Monte Escobedo', 1, 'Monte Escobedo'),
(32, 5, 'San Juan de Sabinas', 14, 'Nueva Rosita'),
(32, 7, 'Escuintla', 1, 'Escuintla'),
(32, 8, 'Hidalgo del Parral', 1, 'Hidalgo del Parral'),
(32, 10, 'Santiago Papasquiaro', 1, 'Santiago Papasquiaro'),
(32, 11, 'San José Iturbide', 1, 'San José Iturbide'),
(32, 12, 'General Heliodoro Castillo', 1, 'Tlacotepec'),
(32, 13, 'Jaltocán', 1, 'Jaltocán'),
(32, 14, 'Chiquilistlán', 1, 'Chiquilistlán'),
(32, 15, 'Donato Guerra', 1, 'Villa Donato Guerra'),
(32, 16, 'Erongarícuaro', 1, 'Erongarícuaro'),
(32, 17, 'Zacualpan de Amilpas', 1, 'Zacualpan de Amilpas'),
(32, 19, 'Lampazos de Naranjo', 1, 'Lampazos de Naranjo'),
(32, 20, 'Fresnillo de Trujano', 1, 'Fresnillo de Trujano'),
(32, 21, 'Cohetzala', 1, 'Santa María Cohetzala'),
(32, 24, 'Santa María del Río', 1, 'Santa María del Río'),
(32, 26, 'Huásabas', 1, 'Huásabas'),
(32, 28, 'Reynosa', 1, 'Reynosa'),
(32, 29, 'Tetlatlahuca', 1, 'Tetlatlahuca'),
(32, 30, 'Catemaco', 1, 'Catemaco'),
(32, 31, 'Espita', 1, 'Espita'),
(32, 32, 'Morelos', 1, 'Morelos'),
(33, 5, 'San Pedro', 1, 'San Pedro'),
(33, 7, 'Francisco León', 42, 'Rivera el Viejo Carmen'),
(33, 8, 'Huejotitán', 1, 'Huejotitán'),
(33, 10, 'Súchil', 1, 'Súchil'),
(33, 11, 'San Luis de la Paz', 1, 'San Luis de la Paz'),
(33, 12, 'Huamuxtitlán', 1, 'Huamuxtitlán'),
(33, 13, 'Juárez Hidalgo', 1, 'Juárez'),
(33, 14, 'Degollado', 1, 'Degollado'),
(33, 15, 'Ecatepec de Morelos', 1, 'Ecatepec de Morelos'),
(33, 16, 'Gabriel Zamora', 1, 'Lombardía'),
(33, 17, 'Temoac', 1, 'Temoac'),
(33, 19, 'Linares', 1, 'Linares'),
(33, 20, 'Guadalupe Etla', 1, 'Guadalupe Etla'),
(33, 21, 'Cohuecan', 1, 'Cohuecan'),
(33, 24, 'Santo Domingo', 1, 'Santo Domingo'),
(33, 26, 'Huatabampo', 1, 'Huatabampo'),
(33, 28, 'Río Bravo', 1, 'Ciudad Río Bravo'),
(33, 29, 'Tlaxcala', 1, 'Tlaxcala de Xicohténcatl'),
(33, 30, 'Cazones de Herrera', 1, 'Cazones de Herrera'),
(33, 31, 'Halachó', 1, 'Halachó'),
(33, 32, 'Moyahua de Estrada', 1, 'Moyahua de Estrada'),
(34, 5, 'Sierra Mojada', 1, 'Sierra Mojada'),
(34, 7, 'Frontera Comalapa', 1, 'Frontera Comalapa'),
(34, 8, 'Ignacio Zaragoza', 1, 'Ignacio Zaragoza'),
(34, 10, 'Tamazula', 1, 'Tamazula de Victoria'),
(34, 11, 'Santa Catarina', 1, 'Santa Catarina'),
(34, 12, 'Huitzuco de los Figueroa', 1, 'Ciudad de Huitzuco'),
(34, 13, 'Lolotla', 1, 'Lolotla'),
(34, 14, 'Ejutla', 1, 'Ejutla'),
(34, 15, 'Ecatzingo', 1, 'Ecatzingo de Hidalgo'),
(34, 16, 'Hidalgo', 1, 'Ciudad Hidalgo'),
(34, 19, 'Marín', 1, 'Marín'),
(34, 20, 'Guadalupe de Ramírez', 1, 'Guadalupe de Ramírez'),
(34, 21, 'Coronango', 1, 'Santa María Coronango'),
(34, 24, 'San Vicente Tancuayalab', 1, 'San Vicente Tancuayalab'),
(34, 26, 'Huépac', 1, 'Huépac'),
(34, 28, 'San Carlos', 1, 'San Carlos'),
(34, 29, 'Tlaxco', 1, 'Tlaxco'),
(34, 30, 'Cerro Azul', 1, 'Cerro Azul'),
(34, 31, 'Hocabá', 1, 'Hocabá'),
(34, 32, 'Nochistlán de Mejía', 1, 'Nochistlán de Mejía'),
(35, 5, 'Torreón', 1, 'Torreón'),
(35, 7, 'Frontera Hidalgo', 1, 'Frontera Hidalgo'),
(35, 8, 'Janos', 1, 'Janos'),
(35, 10, 'Tepehuanes', 1, 'Santa Catarina de Tepehuanes'),
(35, 11, 'Santa Cruz de Juventino Rosas', 1, 'Juventino Rosas'),
(35, 12, 'Iguala de la Independencia', 1, 'Iguala de la Independencia'),
(35, 13, 'Metepec', 1, 'Metepec'),
(35, 14, 'Encarnación de Díaz', 1, 'Encarnación de Díaz'),
(35, 15, 'Huehuetoca', 1, 'Huehuetoca'),
(35, 16, 'La Huacana', 1, 'La Huacana'),
(35, 19, 'Melchor Ocampo', 1, 'Melchor Ocampo'),
(35, 20, 'Guelatao de Juárez', 1, 'Guelatao de Juárez'),
(35, 21, 'Coxcatlán', 1, 'Coxcatlán'),
(35, 24, 'Soledad de Graciano Sánchez', 1, 'Soledad de Graciano Sánchez'),
(35, 26, 'Imuris', 1, 'Imuris'),
(35, 28, 'San Fernando', 1, 'San Fernando'),
(35, 29, 'Tocatlán', 1, 'Tocatlán'),
(35, 30, 'Citlaltépetl', 1, 'Citlaltépec'),
(35, 31, 'Hoctún', 1, 'Hoctún'),
(35, 32, 'Noria de Ángeles', 1, 'Noria de Ángeles'),
(36, 5, 'Viesca', 1, 'Viesca'),
(36, 7, 'La Grandeza', 1, 'La Grandeza'),
(36, 8, 'Jiménez', 1, 'José Mariano Jiménez'),
(36, 10, 'Tlahualilo', 1, 'Tlahualilo de Zaragoza'),
(36, 11, 'Santiago Maravatío', 1, 'Santiago Maravatío'),
(36, 12, 'Igualapa', 1, 'Igualapa'),
(36, 13, 'San Agustín Metzquititlán', 1, 'Mezquititlán'),
(36, 14, 'Etzatlán', 1, 'Etzatlán'),
(36, 15, 'Hueypoxtla', 1, 'Hueypoxtla'),
(36, 16, 'Huandacareo', 1, 'Huandacareo'),
(36, 19, 'Mier y Noriega', 1, 'Mier y Noriega'),
(36, 20, 'Guevea de Humboldt', 1, 'Guevea de Humboldt'),
(36, 21, 'Coyomeapan', 1, 'Santa María Coyomeapan'),
(36, 24, 'Tamasopo', 1, 'Tamasopo'),
(36, 26, 'Magdalena', 1, 'Magdalena de Kino'),
(36, 28, 'San Nicolás', 1, 'San Nicolás'),
(36, 29, 'Totolac', 1, 'San Juan Totolac'),
(36, 30, 'Coacoatzintla', 1, 'Coacoatzintla'),
(36, 31, 'Homún', 1, 'Homún'),
(36, 32, 'Ojocaliente', 1, 'Ojocaliente'),
(37, 5, 'Villa Unión', 1, 'Villa Unión'),
(37, 7, 'Huehuetán', 1, 'Huehuetán'),
(37, 8, 'Juárez', 1, 'Juárez'),
(37, 10, 'Topia', 1, 'Topia'),
(37, 11, 'Silao de la Victoria', 1, 'Silao de la Victoria'),
(37, 12, 'Ixcateopan de Cuauhtémoc', 1, 'Ixcateopan de Cuauhtémoc'),
(37, 13, 'Metztitlán', 1, 'Metztitlán'),
(37, 14, 'El Grullo', 1, 'El Grullo'),
(37, 15, 'Huixquilucan', 1, 'Huixquilucan de Degollado'),
(37, 16, 'Huaniqueo', 1, 'Huaniqueo de Morales'),
(37, 19, 'Mina', 1, 'Mina'),
(37, 20, 'Mesones Hidalgo', 1, 'Mesones Hidalgo'),
(37, 21, 'Coyotepec', 1, 'San Vicente Coyotepec'),
(37, 24, 'Tamazunchale', 1, 'Tamazunchale'),
(37, 26, 'Mazatán', 1, 'Mazatán'),
(37, 28, 'Soto la Marina', 1, 'Soto la Marina'),
(37, 29, 'Ziltlaltépec de Trinidad Sánchez Santos', 1, 'Zitlaltépec'),
(37, 30, 'Coahuitlán', 1, 'Progreso de Zaragoza'),
(37, 31, 'Huhí', 1, 'Huhí'),
(37, 32, 'Pánuco', 1, 'Pánuco'),
(38, 5, 'Zaragoza', 1, 'Zaragoza'),
(38, 7, 'Huixtán', 1, 'Huixtán'),
(38, 8, 'Julimes', 1, 'Julimes'),
(38, 10, 'Vicente Guerrero', 1, 'Vicente Guerrero'),
(38, 11, 'Tarandacuao', 1, 'Tarandacuao'),
(38, 12, 'Zihuatanejo de Azueta', 1, 'Zihuatanejo'),
(38, 13, 'Mineral del Chico', 1, 'Mineral del Chico'),
(38, 14, 'Guachinango', 1, 'Guachinango'),
(38, 15, 'Isidro Fabela', 1, 'Tlazala de Fabela'),
(38, 16, 'Huetamo', 1, 'Huetamo de Núñez'),
(38, 19, 'Montemorelos', 1, 'Montemorelos'),
(38, 20, 'Villa Hidalgo', 1, 'Villa Hidalgo'),
(38, 21, 'Cuapiaxtla de Madero', 1, 'Cuapiaxtla de Madero'),
(38, 24, 'Tampacán', 1, 'Tampacán'),
(38, 26, 'Moctezuma', 1, 'Moctezuma'),
(38, 28, 'Tampico', 1, 'Tampico'),
(38, 29, 'Tzompantepec', 1, 'Tzompantepec'),
(38, 30, 'Coatepec', 1, 'Coatepec'),
(38, 31, 'Hunucmá', 1, 'Hunucmá'),
(38, 32, 'Pinos', 1, 'Pinos'),
(39, 7, 'Huitiupán', 1, 'Huitiupán'),
(39, 8, 'López', 1, 'Octaviano López'),
(39, 10, 'Nuevo Ideal', 1, 'Nuevo Ideal'),
(39, 11, 'Tarimoro', 1, 'Tarimoro'),
(39, 12, 'Juan R. Escudero', 1, 'Tierra Colorada'),
(39, 13, 'Mineral del Monte', 1, 'Mineral del Monte'),
(39, 14, 'Guadalajara', 1, 'Guadalajara'),
(39, 15, 'Ixtapaluca', 1, 'Ixtapaluca'),
(39, 16, 'Huiramba', 1, 'Huiramba'),
(39, 19, 'Monterrey', 1, 'Monterrey'),
(39, 20, 'Heroica Ciudad de Huajuapan de León', 1, 'Heroica Ciudad de Huajuapan de León'),
(39, 21, 'Cuautempan', 1, 'San Esteban Cuautempan'),
(39, 24, 'Tampamolón Corona', 1, 'Tampamolón Corona'),
(39, 26, 'Naco', 1, 'Naco'),
(39, 28, 'Tula', 1, 'Ciudad Tula'),
(39, 29, 'Xaloztoc', 1, 'Xaloztoc'),
(39, 30, 'Coatzacoalcos', 1, 'Coatzacoalcos'),
(39, 31, 'Ixil', 1, 'Ixil'),
(39, 32, 'Río Grande', 1, 'Río Grande'),
(40, 7, 'Huixtla', 1, 'Huixtla'),
(40, 8, 'Madera', 1, 'Madera'),
(40, 11, 'Tierra Blanca', 1, 'Tierra Blanca'),
(40, 12, 'Leonardo Bravo', 1, 'Chichihualco'),
(40, 13, 'La Misión', 1, 'La Misión'),
(40, 14, 'Hostotipaquillo', 1, 'Hostotipaquillo'),
(40, 15, 'Ixtapan de la Sal', 1, 'Ixtapan de la Sal'),
(40, 16, 'Indaparapeo', 1, 'Indaparapeo'),
(40, 19, 'Parás', 1, 'Parás'),
(40, 20, 'Huautepec', 1, 'Huautepec'),
(40, 21, 'Cuautinchán', 1, 'Cuautinchán'),
(40, 24, 'Tamuín', 1, 'Tamuín'),
(40, 26, 'Nácori Chico', 1, 'Nácori Chico'),
(40, 28, 'Valle Hermoso', 1, 'Valle Hermoso'),
(40, 29, 'Xaltocan', 1, 'Xaltocan'),
(40, 30, 'Coatzintla', 1, 'Coatzintla'),
(40, 31, 'Izamal', 1, 'Izamal'),
(40, 32, 'Sain Alto', 1, 'Sain Alto'),
(41, 7, 'La Independencia', 1, 'La Independencia'),
(41, 8, 'Maguarichi', 1, 'Maguarichi'),
(41, 11, 'Uriangato', 1, 'Uriangato'),
(41, 12, 'Malinaltepec', 1, 'Malinaltepec'),
(41, 13, 'Mixquiahuala de Juárez', 1, 'Mixquiahuala'),
(41, 14, 'Huejúcar', 1, 'Huejúcar'),
(41, 15, 'Ixtapan del Oro', 1, 'Ixtapan del Oro'),
(41, 16, 'Irimbo', 1, 'Irimbo'),
(41, 19, 'Pesquería', 1, 'Pesquería'),
(41, 20, 'Huautla de Jiménez', 1, 'Huautla de Jiménez'),
(41, 21, 'Cuautlancingo', 1, 'San Juan Cuautlancingo'),
(41, 24, 'Tanlajás', 1, 'Tanlajás'),
(41, 26, 'Nacozari de García', 1, 'Nacozari de García'),
(41, 28, 'Victoria', 1, 'Ciudad Victoria'),
(41, 29, 'Papalotla de Xicohténcatl', 1, 'Papalotla'),
(41, 30, 'Coetzala', 1, 'Coetzala'),
(41, 31, 'Kanasín', 1, 'Kanasín'),
(41, 32, 'El Salvador', 1, 'El Salvador'),
(42, 7, 'Ixhuatán', 1, 'Ixhuatán'),
(42, 8, 'Manuel Benavides', 1, 'Manuel Benavides'),
(42, 11, 'Valle de Santiago', 1, 'Valle de Santiago'),
(42, 12, 'Mártir de Cuilapan', 1, 'Apango'),
(42, 13, 'Molango de Escamilla', 1, 'Molango'),
(42, 14, 'Huejuquilla el Alto', 1, 'Huejuquilla el Alto'),
(42, 15, 'Ixtlahuaca', 1, 'Ixtlahuaca de Rayón'),
(42, 16, 'Ixtlán', 1, 'Ixtlán de los Hervores'),
(42, 19, 'Los Ramones', 1, 'Los Ramones'),
(42, 20, 'Ixtlán de Juárez', 1, 'Ixtlán de Juárez'),
(42, 21, 'Cuayuca de Andrade', 1, 'San Pedro Cuayuca'),
(42, 24, 'Tanquián de Escobedo', 1, 'Tanquián de Escobedo'),
(42, 26, 'Navojoa', 1, 'Navojoa'),
(42, 28, 'Villagrán', 1, 'Villagrán'),
(42, 29, 'Xicohtzinco', 1, 'Xicohtzinco'),
(42, 30, 'Colipa', 1, 'Colipa'),
(42, 31, 'Kantunil', 1, 'Kantunil'),
(42, 32, 'Sombrerete', 1, 'Sombrerete'),
(43, 7, 'Ixtacomitán', 1, 'Ixtacomitán'),
(43, 8, 'Matachí', 1, 'Matachí'),
(43, 11, 'Victoria', 1, 'Victoria'),
(43, 12, 'Metlatónoc', 1, 'Metlatónoc'),
(43, 13, 'Nicolás Flores', 1, 'Nicolás Flores'),
(43, 14, 'La Huerta', 1, 'La Huerta'),
(43, 15, 'Xalatlaco', 1, 'Xalatlaco'),
(43, 16, 'Jacona', 1, 'Jacona de Plancarte'),
(43, 19, 'Rayones', 1, 'Rayones'),
(43, 20, 'Heroica Ciudad de Juchitán de Zaragoza', 1, 'Heroica Ciudad de Juchitán de Zaragoza'),
(43, 21, 'Cuetzalan del Progreso', 1, 'Ciudad de Cuetzalan'),
(43, 24, 'Tierra Nueva', 1, 'Tierra Nueva'),
(43, 26, 'Nogales', 1, 'Heroica Nogales'),
(43, 28, 'Xicoténcatl', 1, 'Xicoténcatl'),
(43, 29, 'Yauhquemehcan', 1, 'San Dionisio Yauhquemehcan'),
(43, 30, 'Comapa', 1, 'Comapa'),
(43, 31, 'Kaua', 1, 'Kaua'),
(43, 32, 'Susticacán', 1, 'Susticacán'),
(44, 7, 'Ixtapa', 1, 'Ixtapa'),
(44, 8, 'Matamoros', 1, 'Mariano Matamoros'),
(44, 11, 'Villagrán', 1, 'Villagrán'),
(44, 12, 'Mochitlán', 1, 'Mochitlán'),
(44, 13, 'Nopala de Villagrán', 1, 'Nopala'),
(44, 14, 'Ixtlahuacán de los Membrillos', 1, 'Ixtlahuacán de los Membrillos'),
(44, 15, 'Jaltenco', 1, 'Jaltenco'),
(44, 16, 'Jiménez', 1, 'Villa Jiménez'),
(44, 19, 'Sabinas Hidalgo', 1, 'Ciudad Sabinas Hidalgo'),
(44, 20, 'Loma Bonita', 1, 'Loma Bonita'),
(44, 21, 'Cuyoaco', 1, 'Cuyoaco'),
(44, 24, 'Vanegas', 1, 'Vanegas'),
(44, 26, 'Onavas', 1, 'Onavas'),
(44, 29, 'Zacatelco', 1, 'Zacatelco'),
(44, 30, 'Córdoba', 1, 'Córdoba'),
(44, 31, 'Kinchil', 1, 'Kinchil'),
(44, 32, 'Tabasco', 1, 'Tabasco'),
(45, 7, 'Ixtapangajoya', 1, 'Ixtapangajoya'),
(45, 8, 'Meoqui', 1, 'Pedro Meoqui'),
(45, 11, 'Xichú', 1, 'Xichú'),
(45, 12, 'Olinalá', 1, 'Olinalá'),
(45, 13, 'Omitlán de Juárez', 1, 'Omitlán de Juárez'),
(45, 14, 'Ixtlahuacán del Río', 1, 'Ixtlahuacán del Río'),
(45, 15, 'Jilotepec', 1, 'Jilotepec de Molina Enríquez'),
(45, 16, 'Jiquilpan', 1, 'Jiquilpan de Juárez'),
(45, 19, 'Salinas Victoria', 1, 'Salinas Victoria'),
(45, 20, 'Magdalena Apasco', 1, 'Magdalena Apasco'),
(45, 21, 'Chalchicomula de Sesma', 1, 'Ciudad Serdán'),
(45, 24, 'Venado', 1, 'Venado'),
(45, 26, 'Opodepe', 1, 'Opodepe'),
(45, 29, 'Benito Juárez', 1, 'Benito Juárez'),
(45, 30, 'Cosamaloapan de Carpio', 1, 'Cosamaloapan'),
(45, 31, 'Kopomá', 1, 'Kopomá'),
(45, 32, 'Tepechitlán', 1, 'Tepechitlán'),
(46, 7, 'Jiquipilas', 1, 'Jiquipilas'),
(46, 8, 'Morelos', 1, 'Morelos'),
(46, 11, 'Yuriria', 1, 'Yuriria'),
(46, 12, 'Ometepec', 1, 'Ometepec'),
(46, 13, 'San Felipe Orizatlán', 1, 'Orizatlán'),
(46, 14, 'Jalostotitlán', 1, 'Jalostotitlán'),
(46, 15, 'Jilotzingo', 1, 'Santa Ana Jilotzingo'),
(46, 16, 'Juárez', 1, 'Benito Juárez'),
(46, 19, 'San Nicolás de los Garza', 1, 'San Nicolás de los Garza'),
(46, 20, 'Magdalena Jaltepec', 1, 'Magdalena Jaltepec'),
(46, 21, 'Chapulco', 1, 'Chapulco'),
(46, 24, 'Villa de Arriaga', 1, 'Villa de Arriaga'),
(46, 26, 'Oquitoa', 1, 'Oquitoa'),
(46, 29, 'Emiliano Zapata', 1, 'Emiliano Zapata'),
(46, 30, 'Cosautlán de Carvajal', 1, 'Cosautlán de Carvajal'),
(46, 31, 'Mama', 1, 'Mama'),
(46, 32, 'Tepetongo', 1, 'Tepetongo'),
(47, 7, 'Jitotol', 1, 'Jitotol'),
(47, 8, 'Moris', 1, 'Moris'),
(47, 12, 'Pedro Ascencio Alquisiras', 1, 'Ixcapuzalco'),
(47, 13, 'Pacula', 1, 'Pacula'),
(47, 14, 'Jamay', 1, 'Jamay'),
(47, 15, 'Jiquipilco', 1, 'Jiquipilco'),
(47, 16, 'Jungapeo', 1, 'Jungapeo de Juárez'),
(47, 19, 'Hidalgo', 1, 'Hidalgo'),
(47, 20, 'Santa Magdalena Jicotlán', 1, 'Santa Magdalena Jicotlán'),
(47, 21, 'Chiautla', 1, 'Ciudad de Chiautla de Tapia'),
(47, 24, 'Villa de Guadalupe', 1, 'Villa de Guadalupe'),
(47, 26, 'Pitiquito', 1, 'Pitiquito'),
(47, 29, 'Lázaro Cárdenas', 1, 'Lázaro Cárdenas'),
(47, 30, 'Coscomatepec', 1, 'Coscomatepec de Bravo'),
(47, 31, 'Maní', 1, 'Maní'),
(47, 32, 'Teúl de González Ortega', 1, 'Teúl de González Ortega'),
(48, 7, 'Juárez', 1, 'Juárez'),
(48, 8, 'Namiquipa', 1, 'Namiquipa'),
(48, 12, 'Petatlán', 1, 'Petatlán'),
(48, 13, 'Pachuca de Soto', 1, 'Pachuca de Soto'),
(48, 14, 'Jesús María', 1, 'Jesús María'),
(48, 15, 'Jocotitlán', 1, 'Ciudad de Jocotitlán'),
(48, 16, 'Lagunillas', 1, 'Lagunillas'),
(48, 19, 'Santa Catarina', 1, 'Ciudad Santa Catarina'),
(48, 20, 'Magdalena Mixtepec', 1, 'Magdalena Mixtepec'),
(48, 21, 'Chiautzingo', 1, 'San Lorenzo Chiautzingo'),
(48, 24, 'Villa de la Paz', 1, 'Villa de la Paz'),
(48, 26, 'Puerto Peñasco', 1, 'Puerto Peñasco'),
(48, 29, 'La Magdalena Tlaltelulco', 1, 'La Magdalena Tlaltelulco'),
(48, 30, 'Cosoleacaque', 1, 'Cosoleacaque'),
(48, 31, 'Maxcanú', 1, 'Maxcanú'),
(48, 32, 'Tlaltenango de Sánchez Román', 1, 'Tlaltenango de Sánchez Román'),
(49, 7, 'Larráinzar', 1, 'Larráinzar'),
(49, 8, 'Nonoava', 1, 'Nonoava'),
(49, 12, 'Pilcaya', 1, 'Pilcaya'),
(49, 13, 'Pisaflores', 1, 'Pisaflores'),
(49, 14, 'Jilotlán de los Dolores', 1, 'Jilotlán de los Dolores'),
(49, 15, 'Joquicingo', 1, 'Joquicingo de León Guzmán'),
(49, 16, 'Madero', 1, 'Villa Madero'),
(49, 19, 'Santiago', 1, 'Santiago'),
(49, 20, 'Magdalena Ocotlán', 1, 'Magdalena Ocotlán'),
(49, 21, 'Chiconcuautla', 1, 'Chiconcuautla'),
(49, 24, 'Villa de Ramos', 1, 'Villa de Ramos'),
(49, 26, 'Quiriego', 1, 'Quiriego'),
(49, 29, 'San Damián Texóloc', 1, 'San Damián Texóloc'),
(49, 30, 'Cotaxtla', 1, 'Cotaxtla'),
(49, 31, 'Mayapán', 1, 'Mayapán'),
(49, 32, 'Valparaíso', 1, 'Valparaíso'),
(50, 7, 'La Libertad', 1, 'La Libertad'),
(50, 8, 'Nuevo Casas Grandes', 1, 'Nuevo Casas Grandes'),
(50, 12, 'Pungarabato', 1, 'Ciudad Altamirano'),
(50, 13, 'Progreso de Obregón', 1, 'Progreso'),
(50, 14, 'Jocotepec', 1, 'Jocotepec'),
(50, 15, 'Juchitepec', 1, 'Juchitepec de Mariano Rivapalacio'),
(50, 16, 'Maravatío', 1, 'Maravatío de Ocampo'),
(50, 19, 'Vallecillo', 1, 'Vallecillo'),
(50, 20, 'Magdalena Peñasco', 1, 'Magdalena Peñasco'),
(50, 21, 'Chichiquila', 1, 'Chichiquila'),
(50, 24, 'Villa de Reyes', 1, 'Villa de Reyes'),
(50, 26, 'Rayón', 1, 'Rayón'),
(50, 29, 'San Francisco Tetlanohcan', 1, 'San Francisco Tetlanohcan'),
(50, 30, 'Coxquihui', 1, 'Coxquihui'),
(50, 31, 'Mérida', 1, 'Mérida'),
(50, 32, 'Vetagrande', 1, 'Vetagrande'),
(51, 7, 'Mapastepec', 1, 'Mapastepec'),
(51, 8, 'Ocampo', 1, 'Melchor Ocampo'),
(51, 12, 'Quechultenango', 1, 'Quechultenango'),
(51, 13, 'Mineral de la Reforma', 1, 'Pachuquilla'),
(51, 14, 'Juanacatlán', 1, 'Juanacatlán'),
(51, 15, 'Lerma', 1, 'Lerma de Villada'),
(51, 16, 'Marcos Castellanos', 1, 'San José de Gracia'),
(51, 19, 'Villaldama', 1, 'Ciudad de Villaldama'),
(51, 20, 'Magdalena Teitipac', 1, 'Magdalena Teitipac'),
(51, 21, 'Chietla', 1, 'Chietla'),
(51, 24, 'Villa Hidalgo', 1, 'Villa Hidalgo'),
(51, 26, 'Rosario', 1, 'Rosario'),
(51, 29, 'San Jerónimo Zacualpan', 1, 'San Jerónimo Zacualpan'),
(51, 30, 'Coyutla', 1, 'Coyutla'),
(51, 31, 'Mocochá', 1, 'Mocochá'),
(51, 32, 'Villa de Cos', 1, 'Villa de Cos'),
(52, 7, 'Las Margaritas', 1, 'Las Margaritas'),
(52, 8, 'Ojinaga', 1, 'Manuel Ojinaga'),
(52, 12, 'San Luis Acatlán', 1, 'San Luis Acatlán'),
(52, 13, 'San Agustín Tlaxiaca', 1, 'San Agustín Tlaxiaca'),
(52, 14, 'Juchitlán', 1, 'Juchitlán'),
(52, 15, 'Malinalco', 1, 'Malinalco'),
(52, 16, 'Lázaro Cárdenas', 1, 'Ciudad Lázaro Cárdenas'),
(52, 20, 'Magdalena Tequisistlán', 1, 'Magdalena Tequisistlán'),
(52, 21, 'Chigmecatitlán', 1, 'Chigmecatitlán'),
(52, 24, 'Villa Juárez', 1, 'Villa Juárez'),
(52, 26, 'Sahuaripa', 1, 'Sahuaripa'),
(52, 29, 'San José Teacalco', 1, 'San José Teacalco'),
(52, 30, 'Cuichapa', 1, 'Cuichapa'),
(52, 31, 'Motul', 1, 'Motul de Carrillo Puerto'),
(52, 32, 'Villa García', 1, 'Villa García'),
(53, 7, 'Mazapa de Madero', 1, 'Mazapa de Madero'),
(53, 8, 'Praxedis G. Guerrero', 1, 'Praxedis G. Guerrero'),
(53, 12, 'San Marcos', 1, 'San Marcos'),
(53, 13, 'San Bartolo Tutotepec', 1, 'San Bartolo Tutotepec'),
(53, 14, 'Lagos de Moreno', 1, 'Lagos de Moreno');
INSERT INTO `Municipio` (`idMunicipio`, `idEstado`, `nombreMunicipio`, `idCab`, `nombreCab`) VALUES
(53, 15, 'Melchor Ocampo', 1, 'Melchor Ocampo'),
(53, 16, 'Morelia', 1, 'Morelia'),
(53, 20, 'Magdalena Tlacotepec', 1, 'Magdalena Tlacotepec'),
(53, 21, 'Chignahuapan', 1, 'Ciudad de Chignahuapan'),
(53, 24, 'Axtla de Terrazas', 1, 'Axtla de Terrazas'),
(53, 26, 'San Felipe de Jesús', 1, 'San Felipe de Jesús'),
(53, 29, 'San Juan Huactzinco', 1, 'San Juan Huactzinco'),
(53, 30, 'Cuitláhuac', 1, 'Cuitláhuac'),
(53, 31, 'Muna', 1, 'Muna'),
(53, 32, 'Villa González Ortega', 1, 'Villa González Ortega'),
(54, 7, 'Mazatán', 1, 'Mazatán'),
(54, 8, 'Riva Palacio', 1, 'San Andrés'),
(54, 12, 'San Miguel Totolapan', 1, 'San Miguel Totolapan'),
(54, 13, 'San Salvador', 1, 'San Salvador'),
(54, 14, 'El Limón', 1, 'El Limón'),
(54, 15, 'Metepec', 1, 'Metepec'),
(54, 16, 'Morelos', 1, 'Villa Morelos'),
(54, 20, 'Magdalena Zahuatlán', 1, 'Magdalena Zahuatlán'),
(54, 21, 'Chignautla', 1, 'Chignautla'),
(54, 24, 'Xilitla', 1, 'Xilitla'),
(54, 26, 'San Javier', 1, 'San Javier'),
(54, 29, 'San Lorenzo Axocomanitla', 1, 'San Lorenzo Axocomanitla'),
(54, 30, 'Chacaltianguis', 1, 'Chacaltianguis'),
(54, 31, 'Muxupip', 1, 'Muxupip'),
(54, 32, 'Villa Hidalgo', 1, 'Villa Hidalgo'),
(55, 7, 'Metapa', 1, 'Metapa de Domínguez'),
(55, 8, 'Rosales', 1, 'Santa Cruz de Rosales'),
(55, 12, 'Taxco de Alarcón', 1, 'Taxco de Alarcón'),
(55, 13, 'Santiago de Anaya', 1, 'Santiago de Anaya'),
(55, 14, 'Magdalena', 1, 'Magdalena'),
(55, 15, 'Mexicaltzingo', 1, 'San Mateo Mexicaltzingo'),
(55, 16, 'Múgica', 1, 'Nueva Italia de Ruiz'),
(55, 20, 'Mariscala de Juárez', 1, 'Mariscala de Juárez'),
(55, 21, 'Chila', 1, 'Chila'),
(55, 24, 'Zaragoza', 1, 'Villa de Zaragoza'),
(55, 26, 'San Luis Río Colorado', 1, 'San Luis Río Colorado'),
(55, 29, 'San Lucas Tecopilco', 1, 'San Lucas Tecopilco'),
(55, 30, 'Chalma', 1, 'Chalma'),
(55, 31, 'Opichén', 1, 'Opichén'),
(55, 32, 'Villanueva', 1, 'Villanueva'),
(56, 7, 'Mitontic', 1, 'Mitontic'),
(56, 8, 'Rosario', 1, 'Valle del Rosario'),
(56, 12, 'Tecoanapa', 1, 'Tecoanapa'),
(56, 13, 'Santiago Tulantepec de Lugo Guerrero', 1, 'Santiago Tulantepec'),
(56, 14, 'Santa María del Oro', 1, 'Santa María del Oro'),
(56, 15, 'Morelos', 1, 'San Bartolo Morelos'),
(56, 16, 'Nahuatzen', 1, 'Nahuatzen'),
(56, 20, 'Mártires de Tacubaya', 1, 'Mártires de Tacubaya'),
(56, 21, 'Chila de la Sal', 1, 'Chila de la Sal'),
(56, 24, 'Villa de Arista', 2, 'Villa de Arista'),
(56, 26, 'San Miguel de Horcasitas', 1, 'San Miguel de Horcasitas'),
(56, 29, 'Santa Ana Nopalucan', 1, 'Santa Ana Nopalucan'),
(56, 30, 'Chiconamel', 1, 'Chiconamel'),
(56, 31, 'Oxkutzcab', 1, 'Oxkutzcab'),
(56, 32, 'Zacatecas', 1, 'Zacatecas'),
(57, 7, 'Motozintla', 1, 'Motozintla de Mendoza'),
(57, 8, 'San Francisco de Borja', 1, 'San Francisco de Borja'),
(57, 12, 'Técpan de Galeana', 1, 'Técpan de Galeana'),
(57, 13, 'Singuilucan', 1, 'Singuilucan'),
(57, 14, 'La Manzanilla de la Paz', 1, 'La Manzanilla de la Paz'),
(57, 15, 'Naucalpan de Juárez', 1, 'Naucalpan de Juárez'),
(57, 16, 'Nocupétaro', 1, 'Nocupétaro de Morelos'),
(57, 20, 'Matías Romero Avendaño', 1, 'Matías Romero Avendaño'),
(57, 21, 'Honey', 1, 'Honey'),
(57, 24, 'Matlapa', 1, 'Matlapa'),
(57, 26, 'San Pedro de la Cueva', 1, 'San Pedro de la Cueva'),
(57, 29, 'Santa Apolonia Teacalco', 1, 'Santa Apolonia Teacalco'),
(57, 30, 'Chiconquiaco', 1, 'Chiconquiaco'),
(57, 31, 'Panabá', 1, 'Panabá'),
(57, 32, 'Trancoso', 1, 'Trancoso'),
(58, 7, 'Nicolás Ruíz', 1, 'Nicolás Ruíz'),
(58, 8, 'San Francisco de Conchos', 1, 'San Francisco de Conchos'),
(58, 12, 'Teloloapan', 1, 'Teloloapan'),
(58, 13, 'Tasquillo', 1, 'Tasquillo'),
(58, 14, 'Mascota', 1, 'Mascota'),
(58, 15, 'Nezahualcóyotl', 1, 'Ciudad Nezahualcóyotl'),
(58, 16, 'Nuevo Parangaricutiro', 1, 'Nuevo San Juan Parangaricutiro'),
(58, 20, 'Mazatlán Villa de Flores', 1, 'Mazatlán Villa de Flores'),
(58, 21, 'Chilchotla', 1, 'Rafael J. García'),
(58, 24, 'El Naranjo', 1, 'El Naranjo'),
(58, 26, 'Santa Ana', 1, 'Santa Ana'),
(58, 29, 'Santa Catarina Ayometla', 1, 'Santa Catarina Ayometla'),
(58, 30, 'Chicontepec', 1, 'Chicontepec de Tejeda'),
(58, 31, 'Peto', 1, 'Peto'),
(58, 32, 'Santa María de la Paz', 1, 'Santa María de la Paz'),
(59, 7, 'Ocosingo', 1, 'Ocosingo'),
(59, 8, 'San Francisco del Oro', 1, 'San Francisco del Oro'),
(59, 12, 'Tepecoacuilco de Trujano', 1, 'Tepecoacuilco de Trujano'),
(59, 13, 'Tecozautla', 1, 'Tecozautla'),
(59, 14, 'Mazamitla', 1, 'Mazamitla'),
(59, 15, 'Nextlalpan', 1, 'Santa Ana Nextlalpan'),
(59, 16, 'Nuevo Urecho', 1, 'Nuevo Urecho'),
(59, 20, 'Miahuatlán de Porfirio Díaz', 1, 'Miahuatlán de Porfirio Díaz'),
(59, 21, 'Chinantla', 1, 'Chinantla'),
(59, 26, 'Santa Cruz', 1, 'Santa Cruz'),
(59, 29, 'Santa Cruz Quilehtla', 1, 'Santa Cruz Quilehtla'),
(59, 30, 'Chinameca', 1, 'Chinameca'),
(59, 31, 'Progreso', 1, 'Progreso'),
(60, 7, 'Ocotepec', 1, 'Ocotepec'),
(60, 8, 'Santa Bárbara', 1, 'Santa Bárbara'),
(60, 12, 'Tetipac', 1, 'Tetipac'),
(60, 13, 'Tenango de Doria', 1, 'Tenango de Doria'),
(60, 14, 'Mexticacán', 1, 'Mexticacán'),
(60, 15, 'Nicolás Romero', 1, 'Ciudad Nicolás Romero'),
(60, 16, 'Numarán', 1, 'Numarán'),
(60, 20, 'Mixistlán de la Reforma', 1, 'Mixistlán de la Reforma'),
(60, 21, 'Domingo Arenas', 1, 'Domingo Arenas'),
(60, 26, 'Sáric', 1, 'Sáric'),
(60, 29, 'Santa Isabel Xiloxoxtla', 1, 'Santa Isabel Xiloxoxtla'),
(60, 30, 'Chinampa de Gorostiza', 1, 'Chinampa de Gorostiza'),
(60, 31, 'Quintana Roo', 1, 'Quintana Roo'),
(61, 7, 'Ocozocoautla de Espinosa', 1, 'Ocozocoautla de Espinosa'),
(61, 8, 'Satevó', 1, 'San Francisco Javier de Satevó'),
(61, 12, 'Tixtla de Guerrero', 1, 'Tixtla de Guerrero'),
(61, 13, 'Tepeapulco', 1, 'Tepeapulco'),
(61, 14, 'Mezquitic', 1, 'Mezquitic'),
(61, 15, 'Nopaltepec', 1, 'Nopaltepec'),
(61, 16, 'Ocampo', 1, 'Ocampo'),
(61, 20, 'Monjas', 1, 'Monjas'),
(61, 21, 'Eloxochitlán', 1, 'Eloxochitlán'),
(61, 26, 'Soyopa', 1, 'Soyopa'),
(61, 30, 'Las Choapas', 1, 'Las Choapas'),
(61, 31, 'Río Lagartos', 1, 'Río Lagartos'),
(62, 7, 'Ostuacán', 1, 'Ostuacán'),
(62, 8, 'Saucillo', 1, 'Saucillo'),
(62, 12, 'Tlacoachistlahuaca', 1, 'Tlacoachistlahuaca'),
(62, 13, 'Tepehuacán de Guerrero', 1, 'Tepehuacán de Guerrero'),
(62, 14, 'Mixtlán', 1, 'Mixtlán'),
(62, 15, 'Ocoyoacac', 1, 'Ocoyoacac'),
(62, 16, 'Pajacuarán', 1, 'Pajacuarán'),
(62, 20, 'Natividad', 1, 'Natividad'),
(62, 21, 'Epatlán', 1, 'San Juan Epatlán'),
(62, 26, 'Suaqui Grande', 1, 'Suaqui Grande'),
(62, 30, 'Chocamán', 1, 'Chocamán'),
(62, 31, 'Sacalum', 1, 'Sacalum'),
(63, 7, 'Osumacinta', 1, 'Osumacinta'),
(63, 8, 'Temósachic', 1, 'Temósachic'),
(63, 12, 'Tlacoapa', 1, 'Tlacoapa'),
(63, 13, 'Tepeji del Río de Ocampo', 1, 'Tepeji del Río de Ocampo'),
(63, 14, 'Ocotlán', 1, 'Ocotlán'),
(63, 15, 'Ocuilan', 1, 'Ocuilan de Arteaga'),
(63, 16, 'Panindícuaro', 1, 'Panindícuaro'),
(63, 20, 'Nazareno Etla', 1, 'Nazareno Etla'),
(63, 21, 'Esperanza', 1, 'Esperanza'),
(63, 26, 'Tepache', 1, 'Tepache'),
(63, 30, 'Chontla', 1, 'Chontla'),
(63, 31, 'Samahil', 1, 'Samahil'),
(64, 7, 'Oxchuc', 1, 'Oxchuc'),
(64, 8, 'El Tule', 1, 'El Tule'),
(64, 12, 'Tlalchapa', 1, 'Tlalchapa'),
(64, 13, 'Tepetitlán', 1, 'Tepetitlán'),
(64, 14, 'Ojuelos de Jalisco', 1, 'Ojuelos de Jalisco'),
(64, 15, 'El Oro', 1, 'El Oro de Hidalgo'),
(64, 16, 'Parácuaro', 1, 'Parácuaro'),
(64, 20, 'Nejapa de Madero', 1, 'Nejapa de Madero'),
(64, 21, 'Francisco Z. Mena', 1, 'Metlaltoyuca'),
(64, 26, 'Trincheras', 1, 'Trincheras'),
(64, 30, 'Chumatlán', 1, 'Chumatlán'),
(64, 31, 'Sanahcat', 1, 'Sanahcat'),
(65, 7, 'Palenque', 1, 'Palenque'),
(65, 8, 'Urique', 1, 'Urique'),
(65, 12, 'Tlalixtaquilla de Maldonado', 1, 'Tlalixtaquilla'),
(65, 13, 'Tetepango', 1, 'Tetepango'),
(65, 14, 'Pihuamo', 1, 'Pihuamo'),
(65, 15, 'Otumba', 1, 'Otumba de Gómez Farías'),
(65, 16, 'Paracho', 1, 'Paracho de Verduzco'),
(65, 20, 'Ixpantepec Nieves', 1, 'Ixpantepec Nieves'),
(65, 21, 'General Felipe Ángeles', 1, 'San Pablo de las Tunas'),
(65, 26, 'Tubutama', 1, 'Tubutama'),
(65, 30, 'Emiliano Zapata', 1, 'Dos Ríos'),
(65, 31, 'San Felipe', 1, 'San Felipe'),
(66, 7, 'Pantelhó', 1, 'Pantelhó'),
(66, 8, 'Uruachi', 1, 'Uruachi'),
(66, 12, 'Tlapa de Comonfort', 1, 'Tlapa de Comonfort'),
(66, 13, 'Villa de Tezontepec', 1, 'Tezontepec'),
(66, 14, 'Poncitlán', 1, 'Poncitlán'),
(66, 15, 'Otzoloapan', 1, 'Otzoloapan'),
(66, 16, 'Pátzcuaro', 1, 'Pátzcuaro'),
(66, 20, 'Santiago Niltepec', 1, 'Santiago Niltepec'),
(66, 21, 'Guadalupe', 1, 'Guadalupe'),
(66, 26, 'Ures', 1, 'Heroica Ciudad de Ures'),
(66, 30, 'Espinal', 1, 'Espinal'),
(66, 31, 'Santa Elena', 1, 'Santa Elena'),
(67, 7, 'Pantepec', 1, 'Pantepec'),
(67, 8, 'Valle de Zaragoza', 1, 'Valle de Zaragoza'),
(67, 12, 'Tlapehuala', 1, 'Tlapehuala'),
(67, 13, 'Tezontepec de Aldama', 1, 'Tezontepec de Aldama'),
(67, 14, 'Puerto Vallarta', 1, 'Puerto Vallarta'),
(67, 15, 'Otzolotepec', 1, 'Villa Cuauhtémoc'),
(67, 16, 'Penjamillo', 1, 'Penjamillo de Degollado'),
(67, 20, 'Oaxaca de Juárez', 1, 'Oaxaca de Juárez'),
(67, 21, 'Guadalupe Victoria', 1, 'Guadalupe Victoria'),
(67, 26, 'Villa Hidalgo', 1, 'Villa Hidalgo'),
(67, 30, 'Filomeno Mata', 1, 'Filomeno Mata'),
(67, 31, 'Seyé', 1, 'Seyé'),
(68, 7, 'Pichucalco', 1, 'Pichucalco'),
(68, 12, 'La Unión de Isidoro Montes de Oca', 1, 'La Unión'),
(68, 13, 'Tianguistengo', 1, 'Tianguistengo'),
(68, 14, 'Villa Purificación', 1, 'Villa Purificación'),
(68, 15, 'Ozumba', 1, 'Ozumba de Alzate'),
(68, 16, 'Peribán', 1, 'Peribán de Ramos'),
(68, 20, 'Ocotlán de Morelos', 1, 'Ocotlán de Morelos'),
(68, 21, 'Hermenegildo Galeana', 1, 'Bienvenido'),
(68, 26, 'Villa Pesqueira', 1, 'Villa Pesqueira (Mátape)'),
(68, 30, 'Fortín', 1, 'Fortín de las Flores'),
(68, 31, 'Sinanché', 1, 'Sinanché'),
(69, 7, 'Pijijiapan', 1, 'Pijijiapan'),
(69, 12, 'Xalpatláhuac', 1, 'Xalpatláhuac'),
(69, 13, 'Tizayuca', 1, 'Tizayuca'),
(69, 14, 'Quitupan', 1, 'Quitupan'),
(69, 15, 'Papalotla', 1, 'Papalotla'),
(69, 16, 'La Piedad', 1, 'La Piedad de Cabadas'),
(69, 20, 'La Pe', 1, 'La Pe'),
(69, 21, 'Huaquechula', 1, 'Huaquechula'),
(69, 26, 'Yécora', 1, 'Yécora'),
(69, 30, 'Gutiérrez Zamora', 1, 'Gutiérrez Zamora'),
(69, 31, 'Sotuta', 1, 'Sotuta'),
(70, 7, 'El Porvenir', 1, 'El Porvenir de Velasco Suárez'),
(70, 12, 'Xochihuehuetlán', 1, 'Xochihuehuetlán'),
(70, 13, 'Tlahuelilpan', 1, 'Tlahuelilpan'),
(70, 14, 'El Salto', 1, 'El Salto'),
(70, 15, 'La Paz', 1, 'Los Reyes Acaquilpan'),
(70, 16, 'Purépero', 1, 'Purépero de Echáiz'),
(70, 20, 'Pinotepa de Don Luis', 1, 'Pinotepa de Don Luis'),
(70, 21, 'Huatlatlauca', 1, 'Huatlatlauca'),
(70, 26, 'General Plutarco Elías Calles', 1, 'Sonoita'),
(70, 30, 'Hidalgotitlán', 1, 'Hidalgotitlán'),
(70, 31, 'Sucilá', 1, 'Sucilá'),
(71, 7, 'Villa Comaltitlán', 1, 'Villa Comaltitlán'),
(71, 12, 'Xochistlahuaca', 1, 'Xochistlahuaca'),
(71, 13, 'Tlahuiltepa', 1, 'Tlahuiltepa'),
(71, 14, 'San Cristóbal de la Barranca', 1, 'San Cristóbal de la Barranca'),
(71, 15, 'Polotitlán', 1, 'Polotitlán de la Ilustración'),
(71, 16, 'Puruándiro', 1, 'Puruándiro'),
(71, 20, 'Pluma Hidalgo', 1, 'Pluma Hidalgo'),
(71, 21, 'Huauchinango', 1, 'Huauchinango'),
(71, 26, 'Benito Juárez', 1, 'Villa Juárez'),
(71, 30, 'Huatusco', 1, 'Huatusco de Chicuellar'),
(71, 31, 'Sudzal', 1, 'Sudzal'),
(72, 7, 'Pueblo Nuevo Solistahuacán', 1, 'Pueblo Nuevo Solistahuacán'),
(72, 12, 'Zapotitlán Tablas', 1, 'Zapotitlán Tablas'),
(72, 13, 'Tlanalapa', 1, 'Tlanalapa'),
(72, 14, 'San Diego de Alejandría', 1, 'San Diego de Alejandría'),
(72, 15, 'Rayón', 1, 'Santa María Rayón'),
(72, 16, 'Queréndaro', 1, 'Queréndaro'),
(72, 20, 'San José del Progreso', 1, 'San José del Progreso'),
(72, 21, 'Huehuetla', 1, 'Huehuetla'),
(72, 26, 'San Ignacio Río Muerto', 1, 'San Ignacio Río Muerto'),
(72, 30, 'Huayacocotla', 1, 'Huayacocotla'),
(72, 31, 'Suma', 1, 'Suma'),
(73, 7, 'Rayón', 1, 'Rayón'),
(73, 12, 'Zirándaro', 1, 'Zirándaro de los Chávez'),
(73, 13, 'Tlanchinol', 1, 'Tlanchinol'),
(73, 14, 'San Juan de los Lagos', 1, 'San Juan de los Lagos'),
(73, 15, 'San Antonio la Isla', 1, 'San Antonio la Isla'),
(73, 16, 'Quiroga', 1, 'Quiroga'),
(73, 20, 'Putla Villa de Guerrero', 1, 'Putla Villa de Guerrero'),
(73, 21, 'Huehuetlán el Chico', 1, 'Huehuetlán el Chico'),
(73, 30, 'Hueyapan de Ocampo', 1, 'Hueyapan de Ocampo'),
(73, 31, 'Tahdziú', 1, 'Tahdziú'),
(74, 7, 'Reforma', 1, 'Reforma'),
(74, 12, 'Zitlala', 1, 'Zitlala'),
(74, 13, 'Tlaxcoapan', 1, 'Tlaxcoapan'),
(74, 14, 'San Julián', 1, 'San Julián'),
(74, 15, 'San Felipe del Progreso', 1, 'San Felipe del Progreso'),
(74, 16, 'Cojumatlán de Régules', 1, 'Cojumatlán de Régules'),
(74, 20, 'Santa Catarina Quioquitani', 1, 'Santa Catarina Quioquitani'),
(74, 21, 'Huejotzingo', 1, 'Huejotzingo'),
(74, 30, 'Huiloapan de Cuauhtémoc', 1, 'Huiloapan de Cuauhtémoc'),
(74, 31, 'Tahmek', 1, 'Tahmek'),
(75, 7, 'Las Rosas', 1, 'Las Rosas'),
(75, 12, 'Eduardo Neri', 1, 'Zumpango del Río'),
(75, 13, 'Tolcayuca', 1, 'Tolcayuca'),
(75, 14, 'San Marcos', 1, 'San Marcos'),
(75, 15, 'San Martín de las Pirámides', 1, 'San Martín de las Pirámides'),
(75, 16, 'Los Reyes', 1, 'Los Reyes de Salgado'),
(75, 20, 'Reforma de Pineda', 1, 'Reforma de Pineda'),
(75, 21, 'Hueyapan', 1, 'Hueyapan'),
(75, 30, 'Ignacio de la Llave', 1, 'Ignacio de la Llave'),
(75, 31, 'Teabo', 1, 'Teabo'),
(76, 7, 'Sabanilla', 1, 'Sabanilla'),
(76, 12, 'Acatepec', 1, 'Acatepec'),
(76, 13, 'Tula de Allende', 1, 'Tula de Allende'),
(76, 14, 'San Martín de Bolaños', 1, 'San Martín de Bolaños'),
(76, 15, 'San Mateo Atenco', 1, 'San Mateo Atenco'),
(76, 16, 'Sahuayo', 1, 'Sahuayo de Morelos'),
(76, 20, 'La Reforma', 1, 'La Reforma'),
(76, 21, 'Hueytamalco', 1, 'Hueytamalco'),
(76, 30, 'Ilamatlán', 1, 'Ilamatlán'),
(76, 31, 'Tecoh', 1, 'Tecoh'),
(77, 7, 'Salto de Agua', 1, 'Salto de Agua'),
(77, 12, 'Marquelia', 1, 'Marquelia'),
(77, 13, 'Tulancingo de Bravo', 1, 'Tulancingo'),
(77, 14, 'San Martín Hidalgo', 1, 'San Martín Hidalgo'),
(77, 15, 'San Simón de Guerrero', 1, 'San Simón de Guerrero'),
(77, 16, 'San Lucas', 1, 'San Lucas'),
(77, 20, 'Reyes Etla', 1, 'Reyes Etla'),
(77, 21, 'Hueytlalpan', 1, 'Hueytlalpan'),
(77, 30, 'Isla', 1, 'Isla'),
(77, 31, 'Tekal de Venegas', 1, 'Tekal de Venegas'),
(78, 7, 'San Cristóbal de las Casas', 1, 'San Cristóbal de las Casas'),
(78, 12, 'Cochoapa el Grande', 1, 'Cochoapa el Grande'),
(78, 13, 'Xochiatipan', 1, 'Xochiatipan'),
(78, 14, 'San Miguel el Alto', 1, 'San Miguel el Alto'),
(78, 15, 'Santo Tomás', 1, 'Santo Tomás de los Plátanos'),
(78, 16, 'Santa Ana Maya', 1, 'Santa Ana Maya'),
(78, 20, 'Rojas de Cuauhtémoc', 1, 'Rojas de Cuauhtémoc'),
(78, 21, 'Huitzilan de Serdán', 1, 'Huitzilan'),
(78, 30, 'Ixcatepec', 1, 'Ixcatepec'),
(78, 31, 'Tekantó', 1, 'Tekantó'),
(79, 7, 'San Fernando', 1, 'San Fernando'),
(79, 12, 'José Joaquín de Herrera', 1, 'Hueycantenango'),
(79, 13, 'Xochicoatlán', 1, 'Xochicoatlán'),
(79, 14, 'Gómez Farías', 1, 'San Sebastián del Sur'),
(79, 15, 'Soyaniquilpan de Juárez', 1, 'San Francisco Soyaniquilpan'),
(79, 16, 'Salvador Escalante', 1, 'Santa Clara del Cobre'),
(79, 20, 'Salina Cruz', 1, 'Salina Cruz'),
(79, 21, 'Huitziltepec', 1, 'Santa Clara Huitziltepec'),
(79, 30, 'Ixhuacán de los Reyes', 1, 'Ixhuacán de los Reyes'),
(79, 31, 'Tekax', 1, 'Tekax de Álvaro Obregón'),
(80, 7, 'Siltepec', 1, 'Siltepec'),
(80, 12, 'Juchitán', 1, 'Juchitán'),
(80, 13, 'Yahualica', 1, 'Yahualica'),
(80, 14, 'San Sebastián del Oeste', 1, 'San Sebastián del Oeste'),
(80, 15, 'Sultepec', 1, 'Sultepec de Pedro Ascencio de Alquisiras'),
(80, 16, 'Senguio', 1, 'Senguio'),
(80, 20, 'San Agustín Amatengo', 1, 'San Agustín Amatengo'),
(80, 21, 'Atlequizayan', 1, 'Atlequizayan'),
(80, 30, 'Ixhuatlán del Café', 1, 'Ixhuatlán del Café'),
(80, 31, 'Tekit', 1, 'Tekit'),
(81, 7, 'Simojovel', 1, 'Simojovel de Allende'),
(81, 12, 'Iliatenco', 1, 'Iliatenco'),
(81, 13, 'Zacualtipán de Ángeles', 1, 'Zacualtipán'),
(81, 14, 'Santa María de los Ángeles', 1, 'Santa María de los Ángeles'),
(81, 15, 'Tecámac', 1, 'Tecámac de Felipe Villanueva'),
(81, 16, 'Susupuato', 1, 'Susupuato de Guerrero'),
(81, 20, 'San Agustín Atenango', 1, 'San Agustín Atenango'),
(81, 21, 'Ixcamilpa de Guerrero', 1, 'Ixcamilpa'),
(81, 30, 'Ixhuatlancillo', 1, 'Ixhuatlancillo'),
(81, 31, 'Tekom', 1, 'Tekom'),
(82, 7, 'Sitalá', 1, 'Sitalá'),
(82, 13, 'Zapotlán de Juárez', 1, 'Zapotlán de Juárez'),
(82, 14, 'Sayula', 1, 'Sayula'),
(82, 15, 'Tejupilco', 1, 'Tejupilco de Hidalgo'),
(82, 16, 'Tacámbaro', 1, 'Tacámbaro de Codallos'),
(82, 20, 'San Agustín Chayuco', 1, 'San Agustín Chayuco'),
(82, 21, 'Ixcaquixtla', 1, 'San Juan Ixcaquixtla'),
(82, 30, 'Ixhuatlán del Sureste', 1, 'Ixhuatlán del Sureste'),
(82, 31, 'Telchac Pueblo', 1, 'Telchac'),
(83, 7, 'Socoltenango', 1, 'Socoltenango'),
(83, 13, 'Zempoala', 1, 'Zempoala'),
(83, 14, 'Tala', 1, 'Tala'),
(83, 15, 'Temamatla', 1, 'Temamatla'),
(83, 16, 'Tancítaro', 1, 'Tancítaro'),
(83, 20, 'San Agustín de las Juntas', 1, 'San Agustín de las Juntas'),
(83, 21, 'Ixtacamaxtitlán', 1, 'Ixtacamaxtitlán'),
(83, 30, 'Ixhuatlán de Madero', 1, 'Ixhuatlán de Madero'),
(83, 31, 'Telchac Puerto', 1, 'Telchac Puerto'),
(84, 7, 'Solosuchiapa', 1, 'Solosuchiapa'),
(84, 13, 'Zimapán', 1, 'Zimapán'),
(84, 14, 'Talpa de Allende', 1, 'Talpa de Allende'),
(84, 15, 'Temascalapa', 1, 'Temascalapa'),
(84, 16, 'Tangamandapio', 1, 'Santiago Tangamandapio'),
(84, 20, 'San Agustín Etla', 1, 'San Agustín Etla'),
(84, 21, 'Ixtepec', 1, 'Ixtepec'),
(84, 30, 'Ixmatlahuacan', 1, 'Ixmatlahuacan'),
(84, 31, 'Temax', 1, 'Temax'),
(85, 7, 'Soyaló', 1, 'Soyaló'),
(85, 14, 'Tamazula de Gordiano', 1, 'Tamazula de Gordiano'),
(85, 15, 'Temascalcingo', 1, 'Temascalcingo de José María Velasco'),
(85, 16, 'Tangancícuaro', 1, 'Tangancícuaro de Arista'),
(85, 20, 'San Agustín Loxicha', 1, 'San Agustín Loxicha'),
(85, 21, 'Izúcar de Matamoros', 1, 'Izúcar de Matamoros'),
(85, 30, 'Ixtaczoquitlán', 1, 'Ixtaczoquitlán'),
(85, 31, 'Temozón', 1, 'Temozón'),
(86, 7, 'Suchiapa', 1, 'Suchiapa'),
(86, 14, 'Tapalpa', 1, 'Tapalpa'),
(86, 15, 'Temascaltepec', 1, 'Temascaltepec de González'),
(86, 16, 'Tanhuato', 1, 'Tanhuato de Guerrero'),
(86, 20, 'San Agustín Tlacotepec', 1, 'San Agustín Tlacotepec'),
(86, 21, 'Jalpan', 1, 'Jalpan'),
(86, 30, 'Jalacingo', 1, 'Jalacingo'),
(86, 31, 'Tepakán', 1, 'Tepakán'),
(87, 7, 'Suchiate', 1, 'Ciudad Hidalgo'),
(87, 14, 'Tecalitlán', 1, 'Tecalitlán'),
(87, 15, 'Temoaya', 1, 'Temoaya'),
(87, 16, 'Taretan', 1, 'Taretan'),
(87, 20, 'San Agustín Yatareni', 1, 'San Agustín Yatareni'),
(87, 21, 'Jolalpan', 1, 'Jolalpan'),
(87, 30, 'Xalapa', 1, 'Xalapa-Enríquez'),
(87, 31, 'Tetiz', 1, 'Tetiz'),
(88, 7, 'Sunuapa', 1, 'Sunuapa'),
(88, 14, 'Tecolotlán', 1, 'Tecolotlán'),
(88, 15, 'Tenancingo', 1, 'Tenancingo de Degollado'),
(88, 16, 'Tarímbaro', 1, 'Tarímbaro'),
(88, 20, 'San Andrés Cabecera Nueva', 1, 'San Andrés Cabecera Nueva'),
(88, 21, 'Jonotla', 1, 'Jonotla'),
(88, 30, 'Jalcomulco', 1, 'Jalcomulco'),
(88, 31, 'Teya', 1, 'Teya'),
(89, 7, 'Tapachula', 1, 'Tapachula de Córdova y Ordóñez'),
(89, 14, 'Techaluta de Montenegro', 1, 'Techaluta de Montenegro'),
(89, 15, 'Tenango del Aire', 1, 'Tenango del Aire'),
(89, 16, 'Tepalcatepec', 1, 'Tepalcatepec'),
(89, 20, 'San Andrés Dinicuiti', 1, 'San Andrés Dinicuiti'),
(89, 21, 'Jopala', 1, 'Jopala'),
(89, 30, 'Jáltipan', 1, 'Jáltipan de Morelos'),
(89, 31, 'Ticul', 1, 'Ticul'),
(90, 7, 'Tapalapa', 1, 'Tapalapa'),
(90, 14, 'Tenamaxtlán', 1, 'Tenamaxtlán'),
(90, 15, 'Tenango del Valle', 1, 'Tenango de Arista'),
(90, 16, 'Tingambato', 1, 'Tingambato'),
(90, 20, 'San Andrés Huaxpaltepec', 1, 'San Andrés Huaxpaltepec'),
(90, 21, 'Juan C. Bonilla', 1, 'Cuanalá'),
(90, 30, 'Jamapa', 1, 'Jamapa'),
(90, 31, 'Timucuy', 1, 'Timucuy'),
(91, 7, 'Tapilula', 1, 'Tapilula'),
(91, 14, 'Teocaltiche', 1, 'Teocaltiche'),
(91, 15, 'Teoloyucan', 1, 'Teoloyucan'),
(91, 16, 'Tingüindín', 1, 'Tingüindín'),
(91, 20, 'San Andrés Huayápam', 1, 'San Andrés Huayápam'),
(91, 21, 'Juan Galindo', 1, 'Nuevo Necaxa'),
(91, 30, 'Jesús Carranza', 1, 'Jesús Carranza'),
(91, 31, 'Tinum', 1, 'Tinum'),
(92, 7, 'Tecpatán', 1, 'Tecpatán'),
(92, 14, 'Teocuitatlán de Corona', 1, 'Teocuitatlán de Corona'),
(92, 15, 'Teotihuacán', 1, 'Teotihuacán de Arista'),
(92, 16, 'Tiquicheo de Nicolás Romero', 1, 'Tiquicheo'),
(92, 20, 'San Andrés Ixtlahuaca', 1, 'San Andrés Ixtlahuaca'),
(92, 21, 'Juan N. Méndez', 1, 'Atenayuca'),
(92, 30, 'Xico', 1, 'Xico'),
(92, 31, 'Tixcacalcupul', 1, 'Tixcacalcupul'),
(93, 7, 'Tenejapa', 1, 'Tenejapa'),
(93, 14, 'Tepatitlán de Morelos', 1, 'Tepatitlán de Morelos'),
(93, 15, 'Tepetlaoxtoc', 1, 'Tepetlaoxtoc de Hidalgo'),
(93, 16, 'Tlalpujahua', 1, 'Tlalpujahua de Rayón'),
(93, 20, 'San Andrés Lagunas', 1, 'San Andrés Lagunas'),
(93, 21, 'Lafragua', 1, 'Saltillo'),
(93, 30, 'Jilotepec', 1, 'Jilotepec'),
(93, 31, 'Tixkokob', 1, 'Tixkokob'),
(94, 7, 'Teopisca', 1, 'Teopisca'),
(94, 14, 'Tequila', 1, 'Tequila'),
(94, 15, 'Tepetlixpa', 1, 'Tepetlixpa'),
(94, 16, 'Tlazazalca', 1, 'Tlazazalca'),
(94, 20, 'San Andrés Nuxiño', 1, 'San Andrés Nuxiño'),
(94, 21, 'Libres', 1, 'Ciudad de Libres'),
(94, 30, 'Juan Rodríguez Clara', 1, 'Juan Rodríguez Clara'),
(94, 31, 'Tixmehuac', 1, 'Tixmehuac'),
(95, 14, 'Teuchitlán', 1, 'Teuchitlán'),
(95, 15, 'Tepotzotlán', 1, 'Tepotzotlán'),
(95, 16, 'Tocumbo', 1, 'Tocumbo'),
(95, 20, 'San Andrés Paxtlán', 1, 'San Andrés Paxtlán'),
(95, 21, 'La Magdalena Tlatlauquitepec', 1, 'La Magdalena Tlatlauquitepec'),
(95, 30, 'Juchique de Ferrer', 1, 'Juchique de Ferrer'),
(95, 31, 'Tixpéhual', 1, 'Tixpéhual'),
(96, 7, 'Tila', 1, 'Tila'),
(96, 14, 'Tizapán el Alto', 1, 'Tizapán el Alto'),
(96, 15, 'Tequixquiac', 1, 'Tequixquiac'),
(96, 16, 'Tumbiscatío', 1, 'Tumbiscatío de Ruiz'),
(96, 20, 'San Andrés Sinaxtla', 1, 'San Andrés Sinaxtla'),
(96, 21, 'Mazapiltepec de Juárez', 1, 'Mazapiltepec de Juárez'),
(96, 30, 'Landero y Coss', 1, 'Landero y Coss'),
(96, 31, 'Tizimín', 1, 'Tizimín'),
(97, 7, 'Tonalá', 1, 'Tonalá'),
(97, 14, 'Tlajomulco de Zúñiga', 1, 'Tlajomulco de Zúñiga'),
(97, 15, 'Texcaltitlán', 1, 'Texcaltitlán'),
(97, 16, 'Turicato', 1, 'Turicato'),
(97, 20, 'San Andrés Solaga', 1, 'San Andrés Solaga'),
(97, 21, 'Mixtla', 1, 'San Francisco Mixtla'),
(97, 30, 'Lerdo de Tejada', 1, 'Lerdo de Tejada'),
(97, 31, 'Tunkás', 1, 'Tunkás'),
(98, 7, 'Totolapa', 1, 'Totolapa'),
(98, 14, 'San Pedro Tlaquepaque', 1, 'Tlaquepaque'),
(98, 15, 'Texcalyacac', 1, 'San Mateo Texcalyacac'),
(98, 16, 'Tuxpan', 1, 'Tuxpan'),
(98, 20, 'San Andrés Teotilálpam', 1, 'San Andrés Teotilálpam'),
(98, 21, 'Molcaxac', 1, 'Molcaxac'),
(98, 30, 'Magdalena', 1, 'Magdalena'),
(98, 31, 'Tzucacab', 1, 'Tzucacab'),
(99, 7, 'La Trinitaria', 1, 'La Trinitaria'),
(99, 14, 'Tolimán', 1, 'Tolimán'),
(99, 15, 'Texcoco', 1, 'Texcoco de Mora'),
(99, 16, 'Tuzantla', 1, 'Tuzantla'),
(99, 20, 'San Andrés Tepetlapa', 1, 'San Andrés Tepetlapa'),
(99, 21, 'Cañada Morelos', 1, 'Morelos Cañada'),
(99, 30, 'Maltrata', 1, 'Maltrata'),
(99, 31, 'Uayma', 1, 'Uayma'),
(100, 7, 'Tumbalá', 1, 'Tumbalá'),
(100, 14, 'Tomatlán', 1, 'Tomatlán'),
(100, 15, 'Tezoyuca', 1, 'Tezoyuca'),
(100, 16, 'Tzintzuntzan', 1, 'Tzintzuntzan'),
(100, 20, 'San Andrés Yaá', 1, 'San Andrés Yaá'),
(100, 21, 'Naupan', 1, 'Naupan'),
(100, 30, 'Manlio Fabio Altamirano', 1, 'Manlio Fabio Altamirano'),
(100, 31, 'Ucú', 1, 'Ucú'),
(101, 7, 'Tuxtla Gutiérrez', 1, 'Tuxtla Gutiérrez'),
(101, 14, 'Tonalá', 1, 'Tonalá'),
(101, 15, 'Tianguistenco', 1, 'Santiago Tianguistenco de Galeana'),
(101, 16, 'Tzitzio', 1, 'Tzitzio'),
(101, 20, 'San Andrés Zabache', 1, 'San Andrés Zabache'),
(101, 21, 'Nauzontla', 1, 'Nauzontla'),
(101, 30, 'Mariano Escobedo', 1, 'Mariano Escobedo'),
(101, 31, 'Umán', 1, 'Umán'),
(102, 7, 'Tuxtla Chico', 1, 'Tuxtla Chico'),
(102, 14, 'Tonaya', 1, 'Tonaya'),
(102, 15, 'Timilpan', 1, 'San Andrés Timilpan'),
(102, 16, 'Uruapan', 1, 'Uruapan'),
(102, 20, 'San Andrés Zautla', 1, 'San Andrés Zautla'),
(102, 21, 'Nealtican', 1, 'San Buenaventura Nealtican'),
(102, 30, 'Martínez de la Torre', 1, 'Martínez de la Torre'),
(102, 31, 'Valladolid', 1, 'Valladolid'),
(103, 7, 'Tuzantán', 1, 'Tuzantán'),
(103, 14, 'Tonila', 1, 'Tonila'),
(103, 15, 'Tlalmanalco', 1, 'Tlalmanalco de Velázquez'),
(103, 16, 'Venustiano Carranza', 1, 'Venustiano Carranza'),
(103, 20, 'San Antonino Castillo Velasco', 1, 'San Antonino Castillo Velasco'),
(103, 21, 'Nicolás Bravo', 1, 'Nicolás Bravo'),
(103, 30, 'Mecatlán', 1, 'Mecatlán'),
(103, 31, 'Xocchel', 1, 'Xocchel'),
(104, 7, 'Tzimol', 1, 'Tzimol'),
(104, 14, 'Totatiche', 1, 'Totatiche'),
(104, 15, 'Tlalnepantla de Baz', 1, 'Tlalnepantla'),
(104, 16, 'Villamar', 1, 'Villamar'),
(104, 20, 'San Antonino el Alto', 1, 'San Antonino el Alto'),
(104, 21, 'Nopalucan', 1, 'Nopalucan de la Granja'),
(104, 30, 'Mecayapan', 1, 'Mecayapan'),
(104, 31, 'Yaxcabá', 1, 'Yaxcabá'),
(105, 7, 'Unión Juárez', 1, 'Unión Juárez'),
(105, 14, 'Tototlán', 1, 'Tototlán'),
(105, 15, 'Tlatlaya', 1, 'Tlatlaya'),
(105, 16, 'Vista Hermosa', 1, 'Vista Hermosa de Negrete'),
(105, 20, 'San Antonino Monte Verde', 1, 'San Antonino Monte Verde'),
(105, 21, 'Ocotepec', 1, 'Ocotepec'),
(105, 30, 'Medellín de Bravo', 1, 'Medellín'),
(105, 31, 'Yaxkukul', 1, 'Yaxkukul'),
(106, 7, 'Venustiano Carranza', 1, 'Venustiano Carranza'),
(106, 14, 'Tuxcacuesco', 1, 'Tuxcacuesco'),
(106, 15, 'Toluca', 1, 'Toluca de Lerdo'),
(106, 16, 'Yurécuaro', 1, 'Yurécuaro'),
(106, 20, 'San Antonio Acutla', 1, 'San Antonio Acutla'),
(106, 21, 'Ocoyucan', 1, 'Santa Clara Ocoyucan'),
(106, 30, 'Miahuatlán', 1, 'Miahuatlán'),
(106, 31, 'Yobaín', 1, 'Yobaín'),
(107, 7, 'Villa Corzo', 1, 'Villa Corzo'),
(107, 14, 'Tuxcueca', 1, 'Tuxcueca'),
(107, 15, 'Tonatico', 1, 'Tonatico'),
(107, 16, 'Zacapu', 1, 'Zacapu'),
(107, 20, 'San Antonio de la Cal', 1, 'San Antonio de la Cal'),
(107, 21, 'Olintla', 1, 'Olintla'),
(107, 30, 'Las Minas', 1, 'Las Minas'),
(108, 7, 'Villaflores', 1, 'Villaflores'),
(108, 14, 'Tuxpan', 1, 'Tuxpan'),
(108, 15, 'Tultepec', 1, 'Tultepec'),
(108, 16, 'Zamora', 1, 'Zamora de Hidalgo'),
(108, 20, 'San Antonio Huitepec', 1, 'San Antonio Huitepec'),
(108, 21, 'Oriental', 1, 'Oriental'),
(108, 30, 'Minatitlán', 1, 'Minatitlán'),
(109, 7, 'Yajalón', 1, 'Yajalón'),
(109, 14, 'Unión de San Antonio', 1, 'Unión de San Antonio'),
(109, 15, 'Tultitlán', 1, 'Tultitlán de Mariano Escobedo'),
(109, 16, 'Zináparo', 1, 'Zináparo'),
(109, 20, 'San Antonio Nanahuatípam', 1, 'San Antonio Nanahuatípam'),
(109, 21, 'Pahuatlán', 1, 'Ciudad de Pahuatlán de Valle'),
(109, 30, 'Misantla', 1, 'Misantla'),
(110, 7, 'San Lucas', 1, 'San Lucas'),
(110, 14, 'Unión de Tula', 1, 'Unión de Tula'),
(110, 15, 'Valle de Bravo', 1, 'Valle de Bravo'),
(110, 16, 'Zinapécuaro', 1, 'Zinapécuaro de Figueroa'),
(110, 20, 'San Antonio Sinicahua', 1, 'San Antonio Sinicahua'),
(110, 21, 'Palmar de Bravo', 1, 'Palmar de Bravo'),
(110, 30, 'Mixtla de Altamirano', 1, 'Mixtla de Altamirano'),
(111, 7, 'Zinacantán', 1, 'Zinacantán'),
(111, 14, 'Valle de Guadalupe', 1, 'Valle de Guadalupe'),
(111, 15, 'Villa de Allende', 1, 'San José Villa de Allende'),
(111, 16, 'Ziracuaretiro', 1, 'Ziracuaretiro'),
(111, 20, 'San Antonio Tepetlapa', 1, 'San Antonio Tepetlapa'),
(111, 21, 'Pantepec', 1, 'Pantepec'),
(111, 30, 'Moloacán', 1, 'Moloacán'),
(112, 7, 'San Juan Cancuc', 1, 'San Juan Cancuc'),
(112, 14, 'Valle de Juárez', 1, 'Valle de Juárez'),
(112, 15, 'Villa del Carbón', 1, 'Villa del Carbón'),
(112, 16, 'Zitácuaro', 1, 'Heróica Zitácuaro'),
(112, 20, 'San Baltazar Chichicápam', 1, 'San Baltazar Chichicápam'),
(112, 21, 'Petlalcingo', 1, 'Petlalcingo'),
(112, 30, 'Naolinco', 1, 'Naolinco de Victoria'),
(113, 7, 'Aldama', 1, 'Aldama'),
(113, 14, 'San Gabriel', 1, 'San Gabriel'),
(113, 15, 'Villa Guerrero', 1, 'Villa Guerrero'),
(113, 16, 'José Sixto Verduzco', 1, 'Pastor Ortiz'),
(113, 20, 'San Baltazar Loxicha', 1, 'San Baltazar Loxicha'),
(113, 21, 'Piaxtla', 1, 'Piaxtla'),
(113, 30, 'Naranjal', 1, 'Naranjal'),
(114, 7, 'Benemérito de las Américas', 1, 'Benemérito de las Américas'),
(114, 14, 'Villa Corona', 1, 'Villa Corona'),
(114, 15, 'Villa Victoria', 1, 'Villa Victoria'),
(114, 20, 'San Baltazar Yatzachi el Bajo', 1, 'San Baltazar Yatzachi el Bajo'),
(114, 21, 'Puebla', 1, 'Heróica Puebla de Zaragoza'),
(114, 30, 'Nautla', 1, 'Nautla'),
(115, 7, 'Maravilla Tenejapa', 1, 'Maravilla Tenejapa'),
(115, 14, 'Villa Guerrero', 1, 'Villa Guerrero'),
(115, 15, 'Xonacatlán', 1, 'Xonacatlán'),
(115, 20, 'San Bartolo Coyotepec', 1, 'San Bartolo Coyotepec'),
(115, 21, 'Quecholac', 1, 'Quecholac'),
(115, 30, 'Nogales', 1, 'Nogales'),
(116, 7, 'Marqués de Comillas', 1, 'Zamora Pico de Oro'),
(116, 14, 'Villa Hidalgo', 1, 'Villa Hidalgo'),
(116, 15, 'Zacazonapan', 1, 'Zacazonapan'),
(116, 20, 'San Bartolomé Ayautla', 1, 'San Bartolomé Ayautla'),
(116, 21, 'Quimixtlán', 1, 'Quimixtlán'),
(116, 30, 'Oluta', 1, 'Oluta'),
(117, 7, 'Montecristo de Guerrero', 1, 'Montecristo de Guerrero'),
(117, 14, 'Cañadas de Obregón', 1, 'Cañadas de Obregón'),
(117, 15, 'Zacualpan', 1, 'Zacualpan'),
(117, 20, 'San Bartolomé Loxicha', 1, 'San Bartolomé Loxicha'),
(117, 21, 'Rafael Lara Grajales', 1, 'Ciudad de Rafael Lara Grajales'),
(117, 30, 'Omealca', 1, 'Omealca'),
(118, 7, 'San Andrés Duraznal', 1, 'San Andrés Duraznal'),
(118, 14, 'Yahualica de González Gallo', 1, 'Yahualica de González Gallo'),
(118, 15, 'Zinacantepec', 1, 'San Miguel Zinacantepec'),
(118, 20, 'San Bartolomé Quialana', 1, 'San Bartolomé Quialana'),
(118, 21, 'Los Reyes de Juárez', 1, 'Los Reyes de Juárez'),
(118, 30, 'Orizaba', 1, 'Orizaba'),
(119, 7, 'Santiago el Pinar', 1, 'Santiago el Pinar'),
(119, 14, 'Zacoalco de Torres', 1, 'Zacoalco de Torres'),
(119, 15, 'Zumpahuacán', 1, 'Zumpahuacán'),
(119, 20, 'San Bartolomé Yucuañe', 1, 'San Bartolomé Yucuañe'),
(119, 21, 'San Andrés Cholula', 1, 'San Andrés Cholula'),
(119, 30, 'Otatitlán', 1, 'Otatitlán'),
(120, 14, 'Zapopan', 1, 'Zapopan'),
(120, 15, 'Zumpango', 1, 'Zumpango de Ocampo'),
(120, 20, 'San Bartolomé Zoogocho', 1, 'San Bartolomé Zoogocho'),
(120, 21, 'San Antonio Cañada', 1, 'San Antonio Cañada'),
(120, 30, 'Oteapan', 1, 'Oteapan'),
(121, 14, 'Zapotiltic', 1, 'Zapotiltic'),
(121, 15, 'Cuautitlán Izcalli', 1, 'Cuautitlán Izcalli'),
(121, 20, 'San Bartolo Soyaltepec', 1, 'San Bartolo Soyaltepec'),
(121, 21, 'San Diego la Mesa Tochimiltzingo', 1, 'Tochimiltzingo'),
(121, 30, 'Ozuluama de Mascareñas', 1, 'Ozuluama de Mascareñas'),
(122, 14, 'Zapotitlán de Vadillo', 1, 'Zapotitlán de Vadillo'),
(122, 15, 'Valle de Chalco Solidaridad', 1, 'Xico'),
(122, 20, 'San Bartolo Yautepec', 1, 'San Bartolo Yautepec'),
(122, 21, 'San Felipe Teotlalcingo', 1, 'San Felipe Teotlalcingo'),
(122, 30, 'Pajapan', 1, 'Pajapan'),
(123, 14, 'Zapotlán del Rey', 1, 'Zapotlán del Rey'),
(123, 15, 'Luvianos', 1, 'Villa Luvianos'),
(123, 20, 'San Bernardo Mixtepec', 1, 'San Bernardo Mixtepec'),
(123, 21, 'San Felipe Tepatlán', 1, 'San Felipe Tepatlán'),
(123, 30, 'Pánuco', 1, 'Pánuco'),
(124, 14, 'Zapotlanejo', 1, 'Zapotlanejo'),
(124, 15, 'San José del Rincón', 1, 'San José del Rincón Centro'),
(124, 20, 'San Blas Atempa', 1, 'San Blas Atempa'),
(124, 21, 'San Gabriel Chilac', 1, 'San Gabriel Chilac'),
(124, 30, 'Papantla', 1, 'Papantla de Olarte'),
(125, 14, 'San Ignacio Cerro Gordo', 1, 'San Ignacio Cerro Gordo'),
(125, 15, 'Tonanitla', 1, 'Santa María Tonanitla'),
(125, 20, 'San Carlos Yautepec', 1, 'San Carlos Yautepec'),
(125, 21, 'San Gregorio Atzompa', 1, 'San Gregorio Atzompa'),
(125, 30, 'Paso del Macho', 1, 'Paso del Macho'),
(126, 20, 'San Cristóbal Amatlán', 1, 'San Cristóbal Amatlán'),
(126, 21, 'San Jerónimo Tecuanipan', 1, 'San Jerónimo Tecuanipan'),
(126, 30, 'Paso de Ovejas', 1, 'Paso de Ovejas'),
(127, 20, 'San Cristóbal Amoltepec', 1, 'San Cristóbal Amoltepec'),
(127, 21, 'San Jerónimo Xayacatlán', 1, 'San Jerónimo Xayacatlán'),
(127, 30, 'La Perla', 1, 'La Perla'),
(128, 20, 'San Cristóbal Lachirioag', 1, 'San Cristóbal Lachirioag'),
(128, 21, 'San José Chiapa', 1, 'San José Chiapa'),
(128, 30, 'Perote', 1, 'Perote'),
(129, 20, 'San Cristóbal Suchixtlahuaca', 1, 'San Cristóbal Suchixtlahuaca'),
(129, 21, 'San José Miahuatlán', 1, 'San José Miahuatlán'),
(129, 30, 'Platón Sánchez', 1, 'Platón Sánchez'),
(130, 20, 'San Dionisio del Mar', 1, 'San Dionisio del Mar'),
(130, 21, 'San Juan Atenco', 1, 'San Juan Atenco'),
(130, 30, 'Playa Vicente', 1, 'Playa Vicente'),
(131, 20, 'San Dionisio Ocotepec', 1, 'San Dionisio Ocotepec'),
(131, 21, 'San Juan Atzompa', 1, 'San Juan Atzompa'),
(131, 30, 'Poza Rica de Hidalgo', 1, 'Poza Rica de Hidalgo'),
(132, 20, 'San Dionisio Ocotlán', 1, 'San Dionisio Ocotlán'),
(132, 21, 'San Martín Texmelucan', 1, 'San Martín Texmelucan de Labastida'),
(132, 30, 'Las Vigas de Ramírez', 1, 'Las Vigas de Ramírez'),
(133, 20, 'San Esteban Atatlahuca', 1, 'San Esteban Atatlahuca'),
(133, 21, 'San Martín Totoltepec', 1, 'San Martín Totoltepec'),
(133, 30, 'Pueblo Viejo', 1, 'Cd. Cuauhtémoc'),
(134, 20, 'San Felipe Jalapa de Díaz', 1, 'San Felipe Jalapa de Díaz'),
(134, 21, 'San Matías Tlalancaleca', 1, 'San Matías Tlalancaleca'),
(134, 30, 'Puente Nacional', 1, 'Puente Nacional'),
(135, 20, 'San Felipe Tejalápam', 1, 'San Felipe Tejalápam'),
(135, 21, 'San Miguel Ixitlán', 1, 'San Miguel Ixitlán'),
(135, 30, 'Rafael Delgado', 1, 'Rafael Delgado'),
(136, 20, 'San Felipe Usila', 1, 'San Felipe Usila'),
(136, 21, 'San Miguel Xoxtla', 1, 'San Miguel Xoxtla'),
(136, 30, 'Rafael Lucio', 1, 'Rafael Lucio'),
(137, 20, 'San Francisco Cahuacuá', 1, 'San Francisco Cahuacuá'),
(137, 21, 'San Nicolás Buenos Aires', 1, 'San Nicolás Buenos Aires'),
(137, 30, 'Los Reyes', 1, 'Los Reyes'),
(138, 20, 'San Francisco Cajonos', 1, 'San Francisco Cajonos'),
(138, 21, 'San Nicolás de los Ranchos', 1, 'San Nicolás de los Ranchos'),
(138, 30, 'Río Blanco', 1, 'Río Blanco'),
(139, 20, 'San Francisco Chapulapa', 1, 'San Francisco Chapulapa'),
(139, 21, 'San Pablo Anicano', 1, 'San Pablo Anicano'),
(139, 30, 'Saltabarranca', 1, 'Saltabarranca'),
(140, 20, 'San Francisco Chindúa', 1, 'San Francisco Chindúa'),
(140, 21, 'San Pedro Cholula', 1, 'Cholula de Rivadavia'),
(140, 30, 'San Andrés Tenejapan', 1, 'San Andrés Tenejapan'),
(141, 20, 'San Francisco del Mar', 36, 'San Francisco del Mar'),
(141, 21, 'San Pedro Yeloixtlahuaca', 1, 'San Pedro Yeloixtlahuaca'),
(141, 30, 'San Andrés Tuxtla', 1, 'San Andrés Tuxtla'),
(142, 20, 'San Francisco Huehuetlán', 1, 'San Francisco Huehuetlán'),
(142, 21, 'San Salvador el Seco', 1, 'San Salvador el Seco'),
(142, 30, 'San Juan Evangelista', 1, 'San Juan Evangelista'),
(143, 20, 'San Francisco Ixhuatán', 1, 'San Francisco Ixhuatán'),
(143, 21, 'San Salvador el Verde', 1, 'San Salvador el Verde'),
(143, 30, 'Santiago Tuxtla', 1, 'Santiago Tuxtla'),
(144, 20, 'San Francisco Jaltepetongo', 1, 'San Francisco Jaltepetongo'),
(144, 21, 'San Salvador Huixcolotla', 1, 'San Salvador Huixcolotla'),
(144, 30, 'Sayula de Alemán', 1, 'Sayula de Alemán'),
(145, 20, 'San Francisco Lachigoló', 1, 'San Francisco Lachigoló'),
(145, 21, 'San Sebastián Tlacotepec', 1, 'Tlacotepec de Porfirio Díaz'),
(145, 30, 'Soconusco', 1, 'Soconusco'),
(146, 20, 'San Francisco Logueche', 1, 'San Francisco Logueche'),
(146, 21, 'Santa Catarina Tlaltempan', 1, 'Santa Catarina Tlaltempan'),
(146, 30, 'Sochiapa', 1, 'Sochiapa'),
(147, 20, 'San Francisco Nuxaño', 1, 'San Francisco Nuxaño'),
(147, 21, 'Santa Inés Ahuatempan', 1, 'Santa Inés Ahuatempan'),
(147, 30, 'Soledad Atzompa', 1, 'Soledad Atzompa'),
(148, 20, 'San Francisco Ozolotepec', 1, 'San Francisco Ozolotepec'),
(148, 21, 'Santa Isabel Cholula', 1, 'Santa Isabel Cholula'),
(148, 30, 'Soledad de Doblado', 1, 'Soledad de Doblado'),
(149, 20, 'San Francisco Sola', 1, 'San Francisco Sola'),
(149, 21, 'Santiago Miahuatlán', 1, 'Santiago Miahuatlán'),
(149, 30, 'Soteapan', 1, 'Soteapan'),
(150, 20, 'San Francisco Telixtlahuaca', 1, 'San Francisco Telixtlahuaca'),
(150, 21, 'Huehuetlán el Grande', 1, 'Santo Domingo Huehuetlán'),
(150, 30, 'Tamalín', 1, 'Tamalín'),
(151, 20, 'San Francisco Teopan', 1, 'San Francisco Teopan'),
(151, 21, 'Santo Tomás Hueyotlipan', 1, 'Santo Tomás Hueyotlipan'),
(151, 30, 'Tamiahua', 1, 'Tamiahua'),
(152, 20, 'San Francisco Tlapancingo', 1, 'San Francisco Tlapancingo'),
(152, 21, 'Soltepec', 1, 'Soltepec'),
(152, 30, 'Tampico Alto', 1, 'Tampico Alto'),
(153, 20, 'San Gabriel Mixtepec', 1, 'San Gabriel Mixtepec'),
(153, 21, 'Tecali de Herrera', 1, 'Tecali de Herrera'),
(153, 30, 'Tancoco', 1, 'Tancoco'),
(154, 20, 'San Ildefonso Amatlán', 1, 'San Ildefonso Amatlán'),
(154, 21, 'Tecamachalco', 1, 'Tecamachalco'),
(154, 30, 'Tantima', 1, 'Tantima'),
(155, 20, 'San Ildefonso Sola', 1, 'San Ildefonso Sola'),
(155, 21, 'Tecomatlán', 1, 'Tecomatlán'),
(155, 30, 'Tantoyuca', 1, 'Tantoyuca'),
(156, 20, 'San Ildefonso Villa Alta', 1, 'San Ildefonso Villa Alta'),
(156, 21, 'Tehuacán', 1, 'Tehuacán'),
(156, 30, 'Tatatila', 1, 'Tatatila'),
(157, 20, 'San Jacinto Amilpas', 1, 'San Jacinto Amilpas'),
(157, 21, 'Tehuitzingo', 1, 'Tehuitzingo'),
(157, 30, 'Castillo de Teayo', 1, 'Castillo de Teayo'),
(158, 20, 'San Jacinto Tlacotepec', 1, 'San Jacinto Tlacotepec'),
(158, 21, 'Tenampulco', 1, 'Tenampulco'),
(158, 30, 'Tecolutla', 1, 'Tecolutla'),
(159, 20, 'San Jerónimo Coatlán', 1, 'San Jerónimo Coatlán'),
(159, 21, 'Teopantlán', 1, 'Teopantlán'),
(159, 30, 'Tehuipango', 1, 'Tehuipango'),
(160, 20, 'San Jerónimo Silacayoapilla', 1, 'San Jerónimo Silacayoapilla'),
(160, 21, 'Teotlalco', 1, 'Teotlalco'),
(160, 30, 'Álamo Temapache', 1, 'Álamo'),
(161, 20, 'San Jerónimo Sosola', 1, 'San Jerónimo Sosola'),
(161, 21, 'Tepanco de López', 1, 'Tepanco de López'),
(161, 30, 'Tempoal', 1, 'Tempoal de Sánchez'),
(162, 20, 'San Jerónimo Taviche', 1, 'San Jerónimo Taviche'),
(162, 21, 'Tepango de Rodríguez', 1, 'Tepango de Rodríguez'),
(162, 30, 'Tenampa', 1, 'Tenampa'),
(163, 20, 'San Jerónimo Tecóatl', 1, 'San Jerónimo Tecóatl'),
(163, 21, 'Tepatlaxco de Hidalgo', 1, 'Tepatlaxco de Hidalgo'),
(163, 30, 'Tenochtitlán', 1, 'Tenochtitlán'),
(164, 20, 'San Jorge Nuchita', 1, 'San Jorge Nuchita'),
(164, 21, 'Tepeaca', 1, 'Tepeaca'),
(164, 30, 'Teocelo', 1, 'Teocelo'),
(165, 20, 'San José Ayuquila', 1, 'San José Ayuquila'),
(165, 21, 'Tepemaxalco', 1, 'San Felipe Tepemaxalco'),
(165, 30, 'Tepatlaxco', 1, 'Tepatlaxco'),
(166, 20, 'San José Chiltepec', 1, 'San José Chiltepec'),
(166, 21, 'Tepeojuma', 1, 'Tepeojuma'),
(166, 30, 'Tepetlán', 1, 'Tepetlán'),
(167, 20, 'San José del Peñasco', 1, 'San José del Peñasco'),
(167, 21, 'Tepetzintla', 1, 'Tepetzintla'),
(167, 30, 'Tepetzintla', 1, 'Tepetzintla'),
(168, 20, 'San José Estancia Grande', 1, 'San José Estancia Grande'),
(168, 21, 'Tepexco', 1, 'Tepexco'),
(168, 30, 'Tequila', 1, 'Tequila'),
(169, 20, 'San José Independencia', 1, 'San José Independencia'),
(169, 21, 'Tepexi de Rodríguez', 1, 'Tepexi de Rodríguez'),
(169, 30, 'José Azueta', 1, 'Villa Azueta'),
(170, 20, 'San José Lachiguiri', 1, 'San José Lachiguiri'),
(170, 21, 'Tepeyahualco', 1, 'Tepeyahualco'),
(170, 30, 'Texcatepec', 1, 'Texcatepec'),
(171, 20, 'San José Tenango', 1, 'San José Tenango'),
(171, 21, 'Tepeyahualco de Cuauhtémoc', 1, 'Tepeyahualco de Cuauhtémoc'),
(171, 30, 'Texhuacán', 1, 'Texhuacán'),
(172, 20, 'San Juan Achiutla', 1, 'San Juan Achiutla'),
(172, 21, 'Tetela de Ocampo', 1, 'Ciudad de Tetela de Ocampo'),
(172, 30, 'Texistepec', 1, 'Texistepec'),
(173, 20, 'San Juan Atepec', 1, 'San Juan Atepec'),
(173, 21, 'Teteles de Avila Castillo', 1, 'Teteles de Avila Castillo'),
(173, 30, 'Tezonapa', 1, 'Tezonapa'),
(174, 20, 'Ánimas Trujano', 1, 'Ánimas Trujano'),
(174, 21, 'Teziutlán', 1, 'Teziutlán'),
(174, 30, 'Tierra Blanca', 1, 'Tierra Blanca'),
(175, 20, 'San Juan Bautista Atatlahuca', 1, 'San Juan Bautista Atatlahuca'),
(175, 21, 'Tianguismanalco', 1, 'Tianguismanalco'),
(175, 30, 'Tihuatlán', 1, 'Tihuatlán'),
(176, 20, 'San Juan Bautista Coixtlahuaca', 1, 'San Juan Bautista Coixtlahuaca'),
(176, 21, 'Tilapa', 1, 'Tilapa'),
(176, 30, 'Tlacojalpan', 1, 'Tlacojalpan'),
(177, 20, 'San Juan Bautista Cuicatlán', 1, 'San Juan Bautista Cuicatlán'),
(177, 21, 'Tlacotepec de Benito Juárez', 1, 'Tlacotepec de Benito Juárez'),
(177, 30, 'Tlacolulan', 1, 'Tlacolulan'),
(178, 20, 'San Juan Bautista Guelache', 1, 'San Juan Bautista Guelache'),
(178, 21, 'Tlacuilotepec', 1, 'Tlacuilotepec'),
(178, 30, 'Tlacotalpan', 1, 'Tlacotalpan'),
(179, 20, 'San Juan Bautista Jayacatlán', 1, 'San Juan Bautista Jayacatlán'),
(179, 21, 'Tlachichuca', 1, 'Tlachichuca'),
(179, 30, 'Tlacotepec de Mejía', 1, 'Tlacotepec de Mejía'),
(180, 20, 'San Juan Bautista Lo de Soto', 1, 'San Juan Bautista Lo de Soto'),
(180, 21, 'Tlahuapan', 1, 'Santa Rita Tlahuapan'),
(180, 30, 'Tlachichilco', 1, 'Tlachichilco'),
(181, 20, 'San Juan Bautista Suchitepec', 1, 'San Juan Bautista Suchitepec'),
(181, 21, 'Tlaltenango', 1, 'Tlaltenango'),
(181, 30, 'Tlalixcoyan', 1, 'Tlalixcoyan'),
(182, 20, 'San Juan Bautista Tlacoatzintepec', 1, 'San Juan Bautista Tlacoatzintepec'),
(182, 21, 'Tlanepantla', 1, 'Tlanepantla'),
(182, 30, 'Tlalnelhuayocan', 1, 'Tlalnelhuayocan'),
(183, 20, 'San Juan Bautista Tlachichilco', 1, 'San Juan Bautista Tlachichilco'),
(183, 21, 'Tlaola', 1, 'Tlaola'),
(183, 30, 'Tlapacoyan', 1, 'Tlapacoyan'),
(184, 20, 'San Juan Bautista Tuxtepec', 1, 'San Juan Bautista Tuxtepec'),
(184, 21, 'Tlapacoya', 1, 'Tlapacoya'),
(184, 30, 'Tlaquilpa', 1, 'Tlaquilpa'),
(185, 20, 'San Juan Cacahuatepec', 1, 'San Juan Cacahuatepec'),
(185, 21, 'Tlapanalá', 1, 'Tlapanalá'),
(185, 30, 'Tlilapan', 1, 'Tlilapan'),
(186, 20, 'San Juan Cieneguilla', 1, 'San Juan Cieneguilla'),
(186, 21, 'Tlatlauquitepec', 1, 'Ciudad de Tlatlauquitepec'),
(186, 30, 'Tomatlán', 1, 'Tomatlán'),
(187, 20, 'San Juan Coatzóspam', 1, 'San Juan Coatzóspam'),
(187, 21, 'Tlaxco', 1, 'Tlaxco'),
(187, 30, 'Tonayán', 1, 'Tonayán'),
(188, 20, 'San Juan Colorado', 1, 'San Juan Colorado'),
(188, 21, 'Tochimilco', 1, 'Tochimilco'),
(188, 30, 'Totutla', 1, 'Totutla'),
(189, 20, 'San Juan Comaltepec', 1, 'San Juan Comaltepec'),
(189, 21, 'Tochtepec', 1, 'Tochtepec'),
(189, 30, 'Tuxpan', 1, 'Túxpam de Rodríguez Cano'),
(190, 20, 'San Juan Cotzocón', 1, 'San Juan Cotzocón'),
(190, 21, 'Totoltepec de Guerrero', 1, 'Totoltepec de Guerrero'),
(190, 30, 'Tuxtilla', 1, 'Tuxtilla'),
(191, 20, 'San Juan Chicomezúchil', 1, 'San Juan Chicomezúchil'),
(191, 21, 'Tulcingo', 1, 'Tulcingo de Valle'),
(191, 30, 'Ursulo Galván', 1, 'Ursulo Galván'),
(192, 20, 'San Juan Chilateca', 1, 'San Juan Chilateca'),
(192, 21, 'Tuzamapan de Galeana', 1, 'Tuzamapan de Galeana'),
(192, 30, 'Vega de Alatorre', 1, 'Vega de Alatorre'),
(193, 20, 'San Juan del Estado', 1, 'San Juan del Estado'),
(193, 21, 'Tzicatlacoyan', 1, 'Tzicatlacoyan'),
(193, 30, 'Veracruz', 1, 'Veracruz'),
(194, 20, 'San Juan del Río', 1, 'San Juan del Río'),
(194, 21, 'Venustiano Carranza', 1, 'Venustiano Carranza'),
(194, 30, 'Villa Aldama', 1, 'Villa Aldama'),
(195, 20, 'San Juan Diuxi', 1, 'San Juan Diuxi'),
(195, 21, 'Vicente Guerrero', 1, 'Santa María del Monte'),
(195, 30, 'Xoxocotla', 1, 'Xoxocotla'),
(196, 20, 'San Juan Evangelista Analco', 1, 'San Juan Evangelista Analco'),
(196, 21, 'Xayacatlán de Bravo', 1, 'Xayacatlán de Bravo'),
(196, 30, 'Yanga', 1, 'Yanga'),
(197, 20, 'San Juan Guelavía', 1, 'San Juan Guelavía'),
(197, 21, 'Xicotepec', 1, 'Xicotepec de Juárez'),
(197, 30, 'Yecuatla', 1, 'Yecuatla'),
(198, 20, 'San Juan Guichicovi', 1, 'San Juan Guichicovi'),
(198, 21, 'Xicotlán', 1, 'Xicotlán'),
(198, 30, 'Zacualpan', 1, 'Zacualpan'),
(199, 20, 'San Juan Ihualtepec', 1, 'San Juan Ihualtepec'),
(199, 21, 'Xiutetelco', 1, 'San Juan Xiutetelco'),
(199, 30, 'Zaragoza', 1, 'Zaragoza'),
(200, 20, 'San Juan Juquila Mixes', 1, 'San Juan Juquila Mixes'),
(200, 21, 'Xochiapulco', 1, 'Cinco de Mayo'),
(200, 30, 'Zentla', 1, 'Colonia Manuel González'),
(201, 20, 'San Juan Juquila Vijanos', 1, 'San Juan Juquila Vijanos'),
(201, 21, 'Xochiltepec', 1, 'Xochiltepec'),
(201, 30, 'Zongolica', 1, 'Zongolica'),
(202, 20, 'San Juan Lachao', 1, 'San Juan Lachao'),
(202, 21, 'Xochitlán de Vicente Suárez', 1, 'Xochitlán de Vicente Suárez'),
(202, 30, 'Zontecomatlán de López y Fuentes', 1, 'Zontecomatlán de López y Fuentes'),
(203, 20, 'San Juan Lachigalla', 1, 'San Juan Lachigalla'),
(203, 21, 'Xochitlán Todos Santos', 1, 'Xochitlán'),
(203, 30, 'Zozocolco de Hidalgo', 1, 'Zozocolco de Hidalgo'),
(204, 20, 'San Juan Lajarcia', 1, 'San Juan Lajarcia'),
(204, 21, 'Yaonáhuac', 1, 'Yaonáhuac'),
(204, 30, 'Agua Dulce', 1, 'Agua Dulce'),
(205, 20, 'San Juan Lalana', 1, 'San Juan Lalana'),
(205, 21, 'Yehualtepec', 1, 'Yehualtepec'),
(205, 30, 'El Higo', 1, 'El Higo'),
(206, 20, 'San Juan de los Cués', 1, 'San Juan de los Cués'),
(206, 21, 'Zacapala', 1, 'Zacapala'),
(206, 30, 'Nanchital de Lázaro Cárdenas del Río', 1, 'Nanchital de Lázaro Cárdenas del Río'),
(207, 20, 'San Juan Mazatlán', 1, 'San Juan Mazatlán'),
(207, 21, 'Zacapoaxtla', 1, 'Zacapoaxtla'),
(207, 30, 'Tres Valles', 1, 'Tres Valles'),
(208, 20, 'San Juan Mixtepec', 1, 'San Juan Mixtepec Distrito 08'),
(208, 21, 'Zacatlán', 1, 'Zacatlán'),
(208, 30, 'Carlos A. Carrillo', 1, 'Carlos A. Carrillo'),
(209, 20, 'San Juan Mixtepec', 1, 'San Juan Mixtepec Distrito 26'),
(209, 21, 'Zapotitlán', 1, 'Zapotitlán Salinas'),
(209, 30, 'Tatahuicapan de Juárez', 1, 'Tatahuicapan'),
(210, 20, 'San Juan Ñumí', 1, 'San Juan Ñumí'),
(210, 21, 'Zapotitlán de Méndez', 1, 'Zapotitlán de Méndez'),
(210, 30, 'Uxpanapa', 1, 'Poblado 10'),
(211, 20, 'San Juan Ozolotepec', 1, 'San Juan Ozolotepec'),
(211, 21, 'Zaragoza', 1, 'Zaragoza'),
(211, 30, 'San Rafael', 1, 'San Rafael'),
(212, 20, 'San Juan Petlapa', 1, 'San Juan Petlapa'),
(212, 21, 'Zautla', 1, 'Santiago Zautla'),
(212, 30, 'Santiago Sochiapan', 1, 'Xochiapa'),
(213, 20, 'San Juan Quiahije', 1, 'San Juan Quiahije'),
(213, 21, 'Zihuateutla', 1, 'Zihuateutla'),
(214, 20, 'San Juan Quiotepec', 1, 'San Juan Quiotepec'),
(214, 21, 'Zinacatepec', 1, 'San Sebastián Zinacatepec'),
(215, 20, 'San Juan Sayultepec', 1, 'San Juan Sayultepec'),
(215, 21, 'Zongozotla', 1, 'Zongozotla'),
(216, 20, 'San Juan Tabaá', 1, 'San Juan Tabaá'),
(216, 21, 'Zoquiapan', 1, 'Zoquiapan'),
(217, 20, 'San Juan Tamazola', 1, 'San Juan Tamazola'),
(217, 21, 'Zoquitlán', 1, 'Zoquitlán'),
(218, 20, 'San Juan Teita', 1, 'San Juan Teita'),
(219, 20, 'San Juan Teitipac', 1, 'San Juan Teitipac'),
(220, 20, 'San Juan Tepeuxila', 1, 'San Juan Tepeuxila'),
(221, 20, 'San Juan Teposcolula', 1, 'San Juan Teposcolula'),
(222, 20, 'San Juan Yaeé', 1, 'San Juan Yaeé'),
(223, 20, 'San Juan Yatzona', 1, 'San Juan Yatzona'),
(224, 20, 'San Juan Yucuita', 1, 'San Juan Yucuita'),
(225, 20, 'San Lorenzo', 1, 'San Lorenzo'),
(226, 20, 'San Lorenzo Albarradas', 1, 'San Lorenzo Albarradas'),
(227, 20, 'San Lorenzo Cacaotepec', 1, 'San Lorenzo Cacaotepec'),
(228, 20, 'San Lorenzo Cuaunecuiltitla', 1, 'San Lorenzo Cuaunecuiltitla'),
(229, 20, 'San Lorenzo Texmelúcan', 1, 'San Lorenzo Texmelúcan'),
(230, 20, 'San Lorenzo Victoria', 1, 'San Lorenzo Victoria'),
(231, 20, 'San Lucas Camotlán', 1, 'San Lucas Camotlán'),
(232, 20, 'San Lucas Ojitlán', 1, 'San Lucas Ojitlán'),
(233, 20, 'San Lucas Quiaviní', 1, 'San Lucas Quiaviní'),
(234, 20, 'San Lucas Zoquiápam', 1, 'San Lucas Zoquiápam'),
(235, 20, 'San Luis Amatlán', 1, 'San Luis Amatlán'),
(236, 20, 'San Marcial Ozolotepec', 1, 'San Marcial Ozolotepec'),
(237, 20, 'San Marcos Arteaga', 1, 'San Marcos Arteaga'),
(238, 20, 'San Martín de los Cansecos', 1, 'San Martín de los Cansecos'),
(239, 20, 'San Martín Huamelúlpam', 1, 'San Martín Huamelúlpam'),
(240, 20, 'San Martín Itunyoso', 1, 'San Martín Itunyoso'),
(241, 20, 'San Martín Lachilá', 1, 'San Martín Lachilá'),
(242, 20, 'San Martín Peras', 1, 'San Martín Peras'),
(243, 20, 'San Martín Tilcajete', 1, 'San Martín Tilcajete'),
(244, 20, 'San Martín Toxpalan', 1, 'San Martín Toxpalan'),
(245, 20, 'San Martín Zacatepec', 1, 'San Martín Zacatepec'),
(246, 20, 'San Mateo Cajonos', 1, 'San Mateo Cajonos'),
(247, 20, 'Capulálpam de Méndez', 1, 'Capulálpam de Méndez'),
(248, 20, 'San Mateo del Mar', 1, 'San Mateo del Mar'),
(249, 20, 'San Mateo Yoloxochitlán', 1, 'San Mateo Yoloxochitlán'),
(250, 20, 'San Mateo Etlatongo', 1, 'San Mateo Etlatongo'),
(251, 20, 'San Mateo Nejápam', 1, 'San Mateo Nejápam'),
(252, 20, 'San Mateo Peñasco', 1, 'San Mateo Peñasco'),
(253, 20, 'San Mateo Piñas', 1, 'San Mateo Piñas'),
(254, 20, 'San Mateo Río Hondo', 1, 'San Mateo Río Hondo'),
(255, 20, 'San Mateo Sindihui', 1, 'San Mateo Sindihui'),
(256, 20, 'San Mateo Tlapiltepec', 1, 'San Mateo Tlapiltepec'),
(257, 20, 'San Melchor Betaza', 1, 'San Melchor Betaza'),
(258, 20, 'San Miguel Achiutla', 1, 'San Miguel Achiutla'),
(259, 20, 'San Miguel Ahuehuetitlán', 1, 'San Miguel Ahuehuetitlán'),
(260, 20, 'San Miguel Aloápam', 1, 'San Miguel Aloápam'),
(261, 20, 'San Miguel Amatitlán', 1, 'San Miguel Amatitlán'),
(262, 20, 'San Miguel Amatlán', 1, 'San Miguel Amatlán'),
(263, 20, 'San Miguel Coatlán', 1, 'San Miguel Coatlán'),
(264, 20, 'San Miguel Chicahua', 1, 'San Miguel Chicahua'),
(265, 20, 'San Miguel Chimalapa', 1, 'San Miguel Chimalapa'),
(266, 20, 'San Miguel del Puerto', 1, 'San Miguel del Puerto'),
(267, 20, 'San Miguel del Río', 1, 'San Miguel del Río'),
(268, 20, 'San Miguel Ejutla', 1, 'San Miguel Ejutla'),
(269, 20, 'San Miguel el Grande', 1, 'San Miguel el Grande'),
(270, 20, 'San Miguel Huautla', 1, 'San Miguel Huautla'),
(271, 20, 'San Miguel Mixtepec', 1, 'San Miguel Mixtepec'),
(272, 20, 'San Miguel Panixtlahuaca', 1, 'San Miguel Panixtlahuaca'),
(273, 20, 'San Miguel Peras', 1, 'San Miguel Peras'),
(274, 20, 'San Miguel Piedras', 1, 'San Miguel Piedras'),
(275, 20, 'San Miguel Quetzaltepec', 1, 'San Miguel Quetzaltepec'),
(276, 20, 'San Miguel Santa Flor', 1, 'San Miguel Santa Flor'),
(277, 20, 'Villa Sola de Vega', 1, 'Villa Sola de Vega'),
(278, 20, 'San Miguel Soyaltepec', 1, 'Temascal'),
(279, 20, 'San Miguel Suchixtepec', 1, 'San Miguel Suchixtepec'),
(280, 20, 'Villa Talea de Castro', 1, 'Villa Talea de Castro'),
(281, 20, 'San Miguel Tecomatlán', 1, 'San Miguel Tecomatlán'),
(282, 20, 'San Miguel Tenango', 1, 'San Miguel Tenango'),
(283, 20, 'San Miguel Tequixtepec', 1, 'San Miguel Tequixtepec'),
(284, 20, 'San Miguel Tilquiápam', 1, 'San Miguel Tilquiápam'),
(285, 20, 'San Miguel Tlacamama', 1, 'San Miguel Tlacamama'),
(286, 20, 'San Miguel Tlacotepec', 1, 'San Miguel Tlacotepec'),
(287, 20, 'San Miguel Tulancingo', 1, 'San Miguel Tulancingo'),
(288, 20, 'San Miguel Yotao', 1, 'San Miguel Yotao'),
(289, 20, 'San Nicolás', 1, 'San Nicolás'),
(290, 20, 'San Nicolás Hidalgo', 1, 'San Nicolás Hidalgo'),
(291, 20, 'San Pablo Coatlán', 1, 'San Pablo Coatlán'),
(292, 20, 'San Pablo Cuatro Venados', 1, 'San Pablo Cuatro Venados'),
(293, 20, 'San Pablo Etla', 1, 'San Pablo Etla'),
(294, 20, 'San Pablo Huitzo', 1, 'San Pablo Huitzo'),
(295, 20, 'San Pablo Huixtepec', 1, 'San Pablo Huixtepec'),
(296, 20, 'San Pablo Macuiltianguis', 1, 'San Pablo Macuiltianguis'),
(297, 20, 'San Pablo Tijaltepec', 1, 'San Pablo Tijaltepec'),
(298, 20, 'San Pablo Villa de Mitla', 1, 'San Pablo Villa de Mitla'),
(299, 20, 'San Pablo Yaganiza', 1, 'San Pablo Yaganiza'),
(300, 20, 'San Pedro Amuzgos', 1, 'San Pedro Amuzgos'),
(301, 20, 'San Pedro Apóstol', 1, 'San Pedro Apóstol'),
(302, 20, 'San Pedro Atoyac', 1, 'San Pedro Atoyac'),
(303, 20, 'San Pedro Cajonos', 1, 'San Pedro Cajonos'),
(304, 20, 'San Pedro Coxcaltepec Cántaros', 1, 'San Pedro Coxcaltepec Cántaros'),
(305, 20, 'San Pedro Comitancillo', 1, 'San Pedro Comitancillo'),
(306, 20, 'San Pedro el Alto', 1, 'San Pedro el Alto'),
(307, 20, 'San Pedro Huamelula', 1, 'San Pedro Huamelula'),
(308, 20, 'San Pedro Huilotepec', 1, 'San Pedro Huilotepec'),
(309, 20, 'San Pedro Ixcatlán', 1, 'San Pedro Ixcatlán'),
(310, 20, 'San Pedro Ixtlahuaca', 1, 'San Pedro Ixtlahuaca'),
(311, 20, 'San Pedro Jaltepetongo', 1, 'San Pedro Jaltepetongo'),
(312, 20, 'San Pedro Jicayán', 1, 'San Pedro Jicayán'),
(313, 20, 'San Pedro Jocotipac', 1, 'San Pedro Jocotipac'),
(314, 20, 'San Pedro Juchatengo', 1, 'San Pedro Juchatengo');
INSERT INTO `Municipio` (`idMunicipio`, `idEstado`, `nombreMunicipio`, `idCab`, `nombreCab`) VALUES
(315, 20, 'San Pedro Mártir', 1, 'San Pedro Mártir'),
(316, 20, 'San Pedro Mártir Quiechapa', 1, 'San Pedro Mártir Quiechapa'),
(317, 20, 'San Pedro Mártir Yucuxaco', 1, 'San Pedro Mártir Yucuxaco'),
(318, 20, 'San Pedro Mixtepec', 1, 'San Pedro Mixtepec Distrito 22'),
(319, 20, 'San Pedro Mixtepec', 1, 'San Pedro Mixtepec Distrito 26'),
(320, 20, 'San Pedro Molinos', 1, 'San Pedro Molinos'),
(321, 20, 'San Pedro Nopala', 1, 'San Pedro Nopala'),
(322, 20, 'San Pedro Ocopetatillo', 1, 'San Pedro Ocopetatillo'),
(323, 20, 'San Pedro Ocotepec', 1, 'San Pedro Ocotepec'),
(324, 20, 'San Pedro Pochutla', 1, 'San Pedro Pochutla'),
(325, 20, 'San Pedro Quiatoni', 1, 'San Pedro Quiatoni'),
(326, 20, 'San Pedro Sochiápam', 1, 'San Pedro Sochiápam'),
(327, 20, 'San Pedro Tapanatepec', 1, 'San Pedro Tapanatepec'),
(328, 20, 'San Pedro Taviche', 1, 'San Pedro Taviche'),
(329, 20, 'San Pedro Teozacoalco', 1, 'San Pedro Teozacoalco'),
(330, 20, 'San Pedro Teutila', 1, 'San Pedro Teutila'),
(331, 20, 'San Pedro Tidaá', 1, 'San Pedro Tidaá'),
(332, 20, 'San Pedro Topiltepec', 1, 'San Pedro Topiltepec'),
(333, 20, 'San Pedro Totolápam', 1, 'San Pedro Totolápam'),
(334, 20, 'Villa de Tututepec de Melchor Ocampo', 1, 'Villa de Tututepec de Melchor Ocampo'),
(335, 20, 'San Pedro Yaneri', 1, 'San Pedro Yaneri'),
(336, 20, 'San Pedro Yólox', 1, 'San Pedro Yólox'),
(337, 20, 'San Pedro y San Pablo Ayutla', 1, 'San Pedro y San Pablo Ayutla'),
(338, 20, 'Villa de Etla', 1, 'Villa de Etla'),
(339, 20, 'San Pedro y San Pablo Teposcolula', 1, 'San Pedro y San Pablo Teposcolula'),
(340, 20, 'San Pedro y San Pablo Tequixtepec', 1, 'San Pedro y San Pablo Tequixtepec'),
(341, 20, 'San Pedro Yucunama', 1, 'San Pedro Yucunama'),
(342, 20, 'San Raymundo Jalpan', 1, 'San Raymundo Jalpan'),
(343, 20, 'San Sebastián Abasolo', 1, 'San Sebastián Abasolo'),
(344, 20, 'San Sebastián Coatlán', 1, 'San Sebastián Coatlán'),
(345, 20, 'San Sebastián Ixcapa', 1, 'San Sebastián Ixcapa'),
(346, 20, 'San Sebastián Nicananduta', 1, 'San Sebastián Nicananduta'),
(347, 20, 'San Sebastián Río Hondo', 1, 'San Sebastián Río Hondo'),
(348, 20, 'San Sebastián Tecomaxtlahuaca', 1, 'San Sebastián Tecomaxtlahuaca'),
(349, 20, 'San Sebastián Teitipac', 1, 'San Sebastián Teitipac'),
(350, 20, 'San Sebastián Tutla', 1, 'San Sebastián Tutla'),
(351, 20, 'San Simón Almolongas', 1, 'San Simón Almolongas'),
(352, 20, 'San Simón Zahuatlán', 1, 'San Simón Zahuatlán'),
(353, 20, 'Santa Ana', 1, 'Santa Ana'),
(354, 20, 'Santa Ana Ateixtlahuaca', 1, 'Santa Ana Ateixtlahuaca'),
(355, 20, 'Santa Ana Cuauhtémoc', 1, 'Santa Ana Cuauhtémoc'),
(356, 20, 'Santa Ana del Valle', 1, 'Santa Ana del Valle'),
(357, 20, 'Santa Ana Tavela', 1, 'Santa Ana Tavela'),
(358, 20, 'Santa Ana Tlapacoyan', 1, 'Santa Ana Tlapacoyan'),
(359, 20, 'Santa Ana Yareni', 1, 'Santa Ana Yareni'),
(360, 20, 'Santa Ana Zegache', 1, 'Santa Ana Zegache'),
(361, 20, 'Santa Catalina Quierí', 1, 'Santa Catalina Quierí'),
(362, 20, 'Santa Catarina Cuixtla', 1, 'Santa Catarina Cuixtla'),
(363, 20, 'Santa Catarina Ixtepeji', 1, 'Santa Catarina Ixtepeji'),
(364, 20, 'Santa Catarina Juquila', 1, 'Santa Catarina Juquila'),
(365, 20, 'Santa Catarina Lachatao', 1, 'Santa Catarina Lachatao'),
(366, 20, 'Santa Catarina Loxicha', 1, 'Santa Catarina Loxicha'),
(367, 20, 'Santa Catarina Mechoacán', 1, 'Santa Catarina Mechoacán'),
(368, 20, 'Santa Catarina Minas', 1, 'Santa Catarina Minas'),
(369, 20, 'Santa Catarina Quiané', 1, 'Santa Catarina Quiané'),
(370, 20, 'Santa Catarina Tayata', 1, 'Santa Catarina Tayata'),
(371, 20, 'Santa Catarina Ticuá', 1, 'Santa Catarina Ticuá'),
(372, 20, 'Santa Catarina Yosonotú', 1, 'Santa Catarina Yosonotú'),
(373, 20, 'Santa Catarina Zapoquila', 1, 'Santa Catarina Zapoquila'),
(374, 20, 'Santa Cruz Acatepec', 1, 'Santa Cruz Acatepec'),
(375, 20, 'Santa Cruz Amilpas', 1, 'Santa Cruz Amilpas'),
(376, 20, 'Santa Cruz de Bravo', 1, 'Santa Cruz de Bravo'),
(377, 20, 'Santa Cruz Itundujia', 1, 'Santa Cruz Itundujia'),
(378, 20, 'Santa Cruz Mixtepec', 1, 'Santa Cruz Mixtepec'),
(379, 20, 'Santa Cruz Nundaco', 1, 'Santa Cruz Nundaco'),
(380, 20, 'Santa Cruz Papalutla', 1, 'Santa Cruz Papalutla'),
(381, 20, 'Santa Cruz Tacache de Mina', 1, 'Santa Cruz Tacache de Mina'),
(382, 20, 'Santa Cruz Tacahua', 1, 'Santa Cruz Tacahua'),
(383, 20, 'Santa Cruz Tayata', 1, 'Santa Cruz Tayata'),
(384, 20, 'Santa Cruz Xitla', 1, 'Santa Cruz Xitla'),
(385, 20, 'Santa Cruz Xoxocotlán', 1, 'Santa Cruz Xoxocotlán'),
(386, 20, 'Santa Cruz Zenzontepec', 1, 'Santa Cruz Zenzontepec'),
(387, 20, 'Santa Gertrudis', 1, 'Santa Gertrudis'),
(388, 20, 'Santa Inés del Monte', 1, 'Santa Inés del Monte'),
(389, 20, 'Santa Inés Yatzeche', 1, 'Santa Inés Yatzeche'),
(390, 20, 'Santa Lucía del Camino', 1, 'Santa Lucía del Camino'),
(391, 20, 'Santa Lucía Miahuatlán', 1, 'Santa Lucía Miahuatlán'),
(392, 20, 'Santa Lucía Monteverde', 1, 'Santa Lucía Monteverde'),
(393, 20, 'Santa Lucía Ocotlán', 1, 'Santa Lucía Ocotlán'),
(394, 20, 'Santa María Alotepec', 1, 'Santa María Alotepec'),
(395, 20, 'Santa María Apazco', 1, 'Santa María Apazco'),
(396, 20, 'Santa María la Asunción', 1, 'Santa María la Asunción'),
(397, 20, 'Heroica Ciudad de Tlaxiaco', 1, 'Heroica Ciudad de Tlaxiaco'),
(398, 20, 'Ayoquezco de Aldama', 1, 'Ayoquezco de Aldama'),
(399, 20, 'Santa María Atzompa', 1, 'Santa María Atzompa'),
(400, 20, 'Santa María Camotlán', 1, 'Santa María Camotlán'),
(401, 20, 'Santa María Colotepec', 1, 'Santa María Colotepec'),
(402, 20, 'Santa María Cortijo', 1, 'Santa María Cortijo'),
(403, 20, 'Santa María Coyotepec', 1, 'Santa María Coyotepec'),
(404, 20, 'Santa María Chachoápam', 1, 'Santa María Chachoápam'),
(405, 20, 'Villa de Chilapa de Díaz', 1, 'Villa de Chilapa de Díaz'),
(406, 20, 'Santa María Chilchotla', 1, 'Santa María Chilchotla'),
(407, 20, 'Santa María Chimalapa', 1, 'Santa María Chimalapa'),
(408, 20, 'Santa María del Rosario', 1, 'Santa María del Rosario'),
(409, 20, 'Santa María del Tule', 1, 'Santa María del Tule'),
(410, 20, 'Santa María Ecatepec', 1, 'Santa María Ecatepec'),
(411, 20, 'Santa María Guelacé', 1, 'Santa María Guelacé'),
(412, 20, 'Santa María Guienagati', 1, 'Santa María Guienagati'),
(413, 20, 'Santa María Huatulco', 1, 'Santa María Huatulco'),
(414, 20, 'Santa María Huazolotitlán', 1, 'Santa María Huazolotitlán'),
(415, 20, 'Santa María Ipalapa', 1, 'Santa María Ipalapa'),
(416, 20, 'Santa María Ixcatlán', 1, 'Santa María Ixcatlán'),
(417, 20, 'Santa María Jacatepec', 1, 'Santa María Jacatepec'),
(418, 20, 'Santa María Jalapa del Marqués', 1, 'Santa María Jalapa del Marqués'),
(419, 20, 'Santa María Jaltianguis', 1, 'Santa María Jaltianguis'),
(420, 20, 'Santa María Lachixío', 1, 'Santa María Lachixío'),
(421, 20, 'Santa María Mixtequilla', 1, 'Santa María Mixtequilla'),
(422, 20, 'Santa María Nativitas', 1, 'Santa María Nativitas'),
(423, 20, 'Santa María Nduayaco', 1, 'Santa María Nduayaco'),
(424, 20, 'Santa María Ozolotepec', 1, 'Santa María Ozolotepec'),
(425, 20, 'Santa María Pápalo', 1, 'Santa María Pápalo'),
(426, 20, 'Santa María Peñoles', 1, 'Santa María Peñoles'),
(427, 20, 'Santa María Petapa', 1, 'Santa María Petapa'),
(428, 20, 'Santa María Quiegolani', 1, 'Santa María Quiegolani'),
(429, 20, 'Santa María Sola', 1, 'Santa María Sola'),
(430, 20, 'Santa María Tataltepec', 1, 'Santa María Tataltepec'),
(431, 20, 'Santa María Tecomavaca', 1, 'Santa María Tecomavaca'),
(432, 20, 'Santa María Temaxcalapa', 1, 'Santa María Temaxcalapa'),
(433, 20, 'Santa María Temaxcaltepec', 1, 'Santa María Temaxcaltepec'),
(434, 20, 'Santa María Teopoxco', 1, 'Santa María Teopoxco'),
(435, 20, 'Santa María Tepantlali', 1, 'Santa María Tepantlali'),
(436, 20, 'Santa María Texcatitlán', 1, 'Santa María Texcatitlán'),
(437, 20, 'Santa María Tlahuitoltepec', 1, 'Santa María Tlahuitoltepec'),
(438, 20, 'Santa María Tlalixtac', 1, 'Santa María Tlalixtac'),
(439, 20, 'Santa María Tonameca', 1, 'Santa María Tonameca'),
(440, 20, 'Santa María Totolapilla', 1, 'Santa María Totolapilla'),
(441, 20, 'Santa María Xadani', 1, 'Santa María Xadani'),
(442, 20, 'Santa María Yalina', 1, 'Santa María Yalina'),
(443, 20, 'Santa María Yavesía', 1, 'Santa María Yavesía'),
(444, 20, 'Santa María Yolotepec', 1, 'Santa María Yolotepec'),
(445, 20, 'Santa María Yosoyúa', 1, 'Santa María Yosoyúa'),
(446, 20, 'Santa María Yucuhiti', 1, 'Santa María Yucuhiti'),
(447, 20, 'Santa María Zacatepec', 1, 'Santa María Zacatepec'),
(448, 20, 'Santa María Zaniza', 1, 'Santa María Zaniza'),
(449, 20, 'Santa María Zoquitlán', 1, 'Santa María Zoquitlán'),
(450, 20, 'Santiago Amoltepec', 1, 'Santiago Amoltepec'),
(451, 20, 'Santiago Apoala', 1, 'Santiago Apoala'),
(452, 20, 'Santiago Apóstol', 1, 'Santiago Apóstol'),
(453, 20, 'Santiago Astata', 1, 'Santiago Astata'),
(454, 20, 'Santiago Atitlán', 1, 'Santiago Atitlán'),
(455, 20, 'Santiago Ayuquililla', 1, 'Santiago Ayuquililla'),
(456, 20, 'Santiago Cacaloxtepec', 1, 'Santiago Cacaloxtepec'),
(457, 20, 'Santiago Camotlán', 1, 'Santiago Camotlán'),
(458, 20, 'Santiago Comaltepec', 1, 'Santiago Comaltepec'),
(459, 20, 'Santiago Chazumba', 1, 'Santiago Chazumba'),
(460, 20, 'Santiago Choápam', 1, 'Santiago Choápam'),
(461, 20, 'Santiago del Río', 1, 'Santiago del Río'),
(462, 20, 'Santiago Huajolotitlán', 1, 'Santiago Huajolotitlán'),
(463, 20, 'Santiago Huauclilla', 1, 'Santiago Huauclilla'),
(464, 20, 'Santiago Ihuitlán Plumas', 1, 'Santiago Ihuitlán Plumas'),
(465, 20, 'Santiago Ixcuintepec', 1, 'Santiago Ixcuintepec'),
(466, 20, 'Santiago Ixtayutla', 1, 'Santiago Ixtayutla'),
(467, 20, 'Santiago Jamiltepec', 1, 'Santiago Jamiltepec'),
(468, 20, 'Santiago Jocotepec', 19, 'Monte Negro'),
(469, 20, 'Santiago Juxtlahuaca', 1, 'Santiago Juxtlahuaca'),
(470, 20, 'Santiago Lachiguiri', 1, 'Santiago Lachiguiri'),
(471, 20, 'Santiago Lalopa', 1, 'Santiago Lalopa'),
(472, 20, 'Santiago Laollaga', 1, 'Santiago Laollaga'),
(473, 20, 'Santiago Laxopa', 1, 'Santiago Laxopa'),
(474, 20, 'Santiago Llano Grande', 1, 'Santiago Llano Grande'),
(475, 20, 'Santiago Matatlán', 1, 'Santiago Matatlán'),
(476, 20, 'Santiago Miltepec', 1, 'Santiago Miltepec'),
(477, 20, 'Santiago Minas', 1, 'Santiago Minas'),
(478, 20, 'Santiago Nacaltepec', 1, 'Santiago Nacaltepec'),
(479, 20, 'Santiago Nejapilla', 1, 'Santiago Nejapilla'),
(480, 20, 'Santiago Nundiche', 1, 'Santiago Nundiche'),
(481, 20, 'Santiago Nuyoó', 1, 'Santiago Nuyoó'),
(482, 20, 'Santiago Pinotepa Nacional', 1, 'Santiago Pinotepa Nacional'),
(483, 20, 'Santiago Suchilquitongo', 1, 'Santiago Suchilquitongo'),
(484, 20, 'Santiago Tamazola', 1, 'Santiago Tamazola'),
(485, 20, 'Santiago Tapextla', 1, 'Santiago Tapextla'),
(486, 20, 'Villa Tejúpam de la Unión', 1, 'Villa Tejúpam de la Unión'),
(487, 20, 'Santiago Tenango', 1, 'Santiago Tenango'),
(488, 20, 'Santiago Tepetlapa', 1, 'Santiago Tepetlapa'),
(489, 20, 'Santiago Tetepec', 1, 'Santiago Tetepec'),
(490, 20, 'Santiago Texcalcingo', 1, 'Santiago Texcalcingo'),
(491, 20, 'Santiago Textitlán', 1, 'Santiago Textitlán'),
(492, 20, 'Santiago Tilantongo', 1, 'Santiago Tilantongo'),
(493, 20, 'Santiago Tillo', 1, 'Santiago Tillo'),
(494, 20, 'Santiago Tlazoyaltepec', 1, 'Santiago Tlazoyaltepec'),
(495, 20, 'Santiago Xanica', 1, 'Santiago Xanica'),
(496, 20, 'Santiago Xiacuí', 1, 'Santiago Xiacuí'),
(497, 20, 'Santiago Yaitepec', 1, 'Santiago Yaitepec'),
(498, 20, 'Santiago Yaveo', 1, 'Santiago Yaveo'),
(499, 20, 'Santiago Yolomécatl', 1, 'Santiago Yolomécatl'),
(500, 20, 'Santiago Yosondúa', 1, 'Santiago Yosondúa'),
(501, 20, 'Santiago Yucuyachi', 1, 'Santiago Yucuyachi'),
(502, 20, 'Santiago Zacatepec', 1, 'Santiago Zacatepec'),
(503, 20, 'Santiago Zoochila', 1, 'Santiago Zoochila'),
(504, 20, 'Nuevo Zoquiápam', 1, 'Nuevo Zoquiápam'),
(505, 20, 'Santo Domingo Ingenio', 1, 'Santo Domingo Ingenio'),
(506, 20, 'Santo Domingo Albarradas', 1, 'Santo Domingo Albarradas'),
(507, 20, 'Santo Domingo Armenta', 1, 'Santo Domingo Armenta'),
(508, 20, 'Santo Domingo Chihuitán', 1, 'Santo Domingo Chihuitán'),
(509, 20, 'Santo Domingo de Morelos', 1, 'Santo Domingo de Morelos'),
(510, 20, 'Santo Domingo Ixcatlán', 1, 'Santo Domingo Ixcatlán'),
(511, 20, 'Santo Domingo Nuxaá', 1, 'Santo Domingo Nuxaá'),
(512, 20, 'Santo Domingo Ozolotepec', 1, 'Santo Domingo Ozolotepec'),
(513, 20, 'Santo Domingo Petapa', 1, 'Santo Domingo Petapa'),
(514, 20, 'Santo Domingo Roayaga', 1, 'Santo Domingo Roayaga'),
(515, 20, 'Santo Domingo Tehuantepec', 1, 'Santo Domingo Tehuantepec'),
(516, 20, 'Santo Domingo Teojomulco', 1, 'Santo Domingo Teojomulco'),
(517, 20, 'Santo Domingo Tepuxtepec', 1, 'Santo Domingo Tepuxtepec'),
(518, 20, 'Santo Domingo Tlatayápam', 1, 'Santo Domingo Tlatayápam'),
(519, 20, 'Santo Domingo Tomaltepec', 1, 'Santo Domingo Tomaltepec'),
(520, 20, 'Santo Domingo Tonalá', 1, 'Santo Domingo Tonalá'),
(521, 20, 'Santo Domingo Tonaltepec', 1, 'Santo Domingo Tonaltepec'),
(522, 20, 'Santo Domingo Xagacía', 1, 'Santo Domingo Xagacía'),
(523, 20, 'Santo Domingo Yanhuitlán', 1, 'Santo Domingo Yanhuitlán'),
(524, 20, 'Santo Domingo Yodohino', 1, 'Santo Domingo Yodohino'),
(525, 20, 'Santo Domingo Zanatepec', 1, 'Santo Domingo Zanatepec'),
(526, 20, 'Santos Reyes Nopala', 1, 'Santos Reyes Nopala'),
(527, 20, 'Santos Reyes Pápalo', 1, 'Santos Reyes Pápalo'),
(528, 20, 'Santos Reyes Tepejillo', 1, 'Santos Reyes Tepejillo'),
(529, 20, 'Santos Reyes Yucuná', 1, 'Santos Reyes Yucuná'),
(530, 20, 'Santo Tomás Jalieza', 1, 'Santo Tomás Jalieza'),
(531, 20, 'Santo Tomás Mazaltepec', 1, 'Santo Tomás Mazaltepec'),
(532, 20, 'Santo Tomás Ocotepec', 1, 'Santo Tomás Ocotepec'),
(533, 20, 'Santo Tomás Tamazulapan', 1, 'Santo Tomás Tamazulapan'),
(534, 20, 'San Vicente Coatlán', 1, 'San Vicente Coatlán'),
(535, 20, 'San Vicente Lachixío', 1, 'San Vicente Lachixío'),
(536, 20, 'San Vicente Nuñú', 1, 'San Vicente Nuñú'),
(537, 20, 'Silacayoápam', 1, 'Silacayoápam'),
(538, 20, 'Sitio de Xitlapehua', 1, 'Sitio de Xitlapehua'),
(539, 20, 'Soledad Etla', 1, 'Soledad Etla'),
(540, 20, 'Villa de Tamazulápam del Progreso', 1, 'Villa de Tamazulápam del Progreso'),
(541, 20, 'Tanetze de Zaragoza', 1, 'Tanetze de Zaragoza'),
(542, 20, 'Taniche', 1, 'Taniche'),
(543, 20, 'Tataltepec de Valdés', 1, 'Tataltepec de Valdés'),
(544, 20, 'Teococuilco de Marcos Pérez', 1, 'Teococuilco de Marcos Pérez'),
(545, 20, 'Teotitlán de Flores Magón', 1, 'Teotitlán de Flores Magón'),
(546, 20, 'Teotitlán del Valle', 1, 'Teotitlán del Valle'),
(547, 20, 'Teotongo', 1, 'Teotongo'),
(548, 20, 'Tepelmeme Villa de Morelos', 1, 'Tepelmeme Villa de Morelos'),
(549, 20, 'Heroica Villa Tezoatlán de Segura y Luna, Cuna de la Independencia de Oaxaca', 1, 'Heroica Villa Tezoatlán de Segura y Luna, Cuna de la Independencia de Oaxaca'),
(550, 20, 'San Jerónimo Tlacochahuaya', 1, 'San Jerónimo Tlacochahuaya'),
(551, 20, 'Tlacolula de Matamoros', 1, 'Tlacolula de Matamoros'),
(552, 20, 'Tlacotepec Plumas', 1, 'Tlacotepec Plumas'),
(553, 20, 'Tlalixtac de Cabrera', 1, 'Tlalixtac de Cabrera'),
(554, 20, 'Totontepec Villa de Morelos', 1, 'Totontepec Villa de Morelos'),
(555, 20, 'Trinidad Zaachila', 1, 'Trinidad Zaachila'),
(556, 20, 'La Trinidad Vista Hermosa', 1, 'La Trinidad Vista Hermosa'),
(557, 20, 'Unión Hidalgo', 1, 'Unión Hidalgo'),
(558, 20, 'Valerio Trujano', 1, 'Valerio Trujano'),
(559, 20, 'San Juan Bautista Valle Nacional', 1, 'San Juan Bautista Valle Nacional'),
(560, 20, 'Villa Díaz Ordaz', 1, 'Villa Díaz Ordaz'),
(561, 20, 'Yaxe', 1, 'Yaxe'),
(562, 20, 'Magdalena Yodocono de Porfirio Díaz', 1, 'Magdalena Yodocono de Porfirio Díaz'),
(563, 20, 'Yogana', 1, 'Yogana'),
(564, 20, 'Yutanduchi de Guerrero', 1, 'Yutanduchi de Guerrero'),
(565, 20, 'Villa de Zaachila', 1, 'Villa de Zaachila'),
(566, 20, 'San Mateo Yucutindoo', 9, 'San Mateo Yucutindoo'),
(567, 20, 'Zapotitlán Lagunas', 1, 'Zapotitlán Lagunas'),
(568, 20, 'Zapotitlán Palmas', 1, 'Zapotitlán Palmas'),
(569, 20, 'Santa Inés de Zaragoza', 1, 'Santa Inés de Zaragoza'),
(570, 20, 'Zimatlán de Álvarez', 1, 'Zimatlán de Álvarez');

-- --------------------------------------------------------

--
-- Table structure for table `Paciente`
--

CREATE TABLE `Paciente` (
  `NumeroPaciente` int(63) NOT NULL,
  `NombrePaciente` varchar(255) COLLATE utf8_unicode_ci NOT NULL,
  `ApellidoPaterno` varchar(255) COLLATE utf8_unicode_ci NOT NULL,
  `ApellidoMaterno` varchar(255) COLLATE utf8_unicode_ci NOT NULL,
  `Domicilio` varchar(255) COLLATE utf8_unicode_ci NOT NULL,
  `Estado` int(63) NOT NULL,
  `Municipio` int(63) NOT NULL,
  `Telefono` varchar(12) COLLATE utf8_unicode_ci NOT NULL,
  `Correo` varchar(255) COLLATE utf8_unicode_ci NOT NULL,
  `FechaNacimiento` date NOT NULL,
  `Genero` varchar(255) COLLATE utf8_unicode_ci NOT NULL,
  `Diagnostico` varchar(255) COLLATE utf8_unicode_ci NOT NULL,
  `Lesion` varchar(255) COLLATE utf8_unicode_ci NOT NULL,
  `Ingreso` date NOT NULL,
  `Reingreso` date NOT NULL,
  `Egreso` date NOT NULL,
  `Dependencia` varchar(255) COLLATE utf8_unicode_ci NOT NULL,
  `Fotografia` varchar(255) COLLATE utf8_unicode_ci NOT NULL,
  `Curp` varchar(255) COLLATE utf8_unicode_ci NOT NULL,
  `ActaNacimiento` varchar(255) COLLATE utf8_unicode_ci NOT NULL,
  `ComprobanteDomicilio` varchar(255) COLLATE utf8_unicode_ci NOT NULL,
  `ExpedienteMedico` varchar(255) COLLATE utf8_unicode_ci NOT NULL,
  `RecomendacionMedica` varchar(255) COLLATE utf8_unicode_ci NOT NULL
) ENGINE=InnoDB DEFAULT CHARSET=utf8 COLLATE=utf8_unicode_ci;

--
-- Dumping data for table `Paciente`
--

INSERT INTO `Paciente` (`NumeroPaciente`, `NombrePaciente`, `ApellidoPaterno`, `ApellidoMaterno`, `Domicilio`, `Estado`, `Municipio`, `Telefono`, `Correo`, `FechaNacimiento`, `Genero`, `Diagnostico`, `Lesion`, `Ingreso`, `Reingreso`, `Egreso`, `Dependencia`, `Fotografia`, `Curp`, `ActaNacimiento`, `ComprobanteDomicilio`, `ExpedienteMedico`, `RecomendacionMedica`) VALUES
(1, 'Alberto', 'Matute', 'Beltran', 'mi casa # 34 Col. Lomas', 1, 2, '442-456-9874', 'webimpact20@gmail.com', '2020-06-10', 'Masculino', 'Lesion de hombro', 'Ortopedia', '2019-10-06', '2020-09-01', '2020-11-02', 'Juan perez', 'NULL', 'NULL', 'NULL', 'NULL', 'NULL', 'NULL');

-- --------------------------------------------------------

--
-- Table structure for table `Paciente_Consulta`
--

CREATE TABLE `Paciente_Consulta` (
  `Fecha` datetime NOT NULL DEFAULT current_timestamp(),
  `NumeroEmpleado` int(63) NOT NULL,
  `NumeroPaciente` int(11) NOT NULL,
  `Asistencia` tinyint(1) NOT NULL
) ENGINE=InnoDB DEFAULT CHARSET=utf8 COLLATE=utf8_unicode_ci;

--
-- Dumping data for table `Paciente_Consulta`
--

INSERT INTO `Paciente_Consulta` (`Fecha`, `NumeroEmpleado`, `NumeroPaciente`, `Asistencia`) VALUES
('2020-11-03 22:00:44', 1, 1, 1),
('2020-11-03 22:01:04', 1, 1, 1),
('2020-11-03 22:01:15', 1, 1, 1),
('2020-11-03 22:01:51', 1, 1, 0),
('2020-11-03 22:01:58', 1, 1, 0),
('2020-11-03 22:09:55', 1, 1, 0);

-- --------------------------------------------------------

--
-- Table structure for table `privilegios`
--

CREATE TABLE `privilegios` (
  `Id_Privilegio` varchar(30) COLLATE utf8_unicode_ci NOT NULL,
  `Accion` text COLLATE utf8_unicode_ci NOT NULL
) ENGINE=InnoDB DEFAULT CHARSET=utf8 COLLATE=utf8_unicode_ci;

--
-- Dumping data for table `privilegios`
--

INSERT INTO `privilegios` (`Id_Privilegio`, `Accion`) VALUES
('ConsultaPaciente', 'Se consulta el expediente de un paciente con todos sus datos'),
('ConsultarAsistencia', 'Se consulta las asistencias totales de un paciente junto con faltas'),
('ConsultarDonacion', 'Se consultan datos relevantes de la donacion'),
('ConsultarEmpleado', 'Se consultan los datos de la cuenta del empleado'),
('ConsultarReportePaciente', 'Se consulta el reporte de un paciente'),
('CrearEmpleado', 'Se crea una nueva cuenta de empleado'),
('CrearPaciente', 'Se crea expediente de paciente'),
('CrearReportePaciente', 'Se crea un reporte del diagnostico y tratamineto de un paciente'),
('EliminarDonacion', 'Se elimina el registro de la donacion'),
('EliminarEmpleado', 'Se elimina una cuenta de empleado'),
('EliminarPaciente', 'Se elimina el expediente del paciente'),
('EliminarReportePaciente', 'Se elimina el reporte de un paciente'),
('ModificarDatosPaciente', 'Se modifica algun dato que requiera el paciente'),
('ModificarDonacion', 'Se modifican datos requeridos en el registro'),
('ModificarEmpleado', 'Se modifican los datos del empleado'),
('ModificarReportePaciente', 'Se modifican datos del reporte de un paciente'),
('RegistrarAsistencia', 'Se registra la asistencia del paciente a una sesion'),
('RegistrarDonacion', 'Se registra donacion');

-- --------------------------------------------------------

--
-- Table structure for table `Reporte`
--

CREATE TABLE `Reporte` (
  `id_Tipo` int(63) NOT NULL,
  `NumeroEmpleado` int(63) NOT NULL,
  `NumeroPaciente` int(63) NOT NULL,
  `Edad` int(63) NOT NULL,
  `Observaciones` varchar(255) COLLATE utf8_unicode_ci DEFAULT NULL,
  `Fecha` datetime NOT NULL DEFAULT current_timestamp()
) ENGINE=InnoDB DEFAULT CHARSET=utf8 COLLATE=utf8_unicode_ci;

-- --------------------------------------------------------

--
-- Table structure for table `roles`
--

CREATE TABLE `roles` (
  `Id_Rol` varchar(30) COLLATE utf8_unicode_ci NOT NULL,
  `Descripcion_Rol` text COLLATE utf8_unicode_ci NOT NULL
) ENGINE=InnoDB DEFAULT CHARSET=utf8 COLLATE=utf8_unicode_ci;

--
-- Dumping data for table `roles`
--

INSERT INTO `roles` (`Id_Rol`, `Descripcion_Rol`) VALUES
('Administracion', 'Crea empleados, gestiona donativos y genera expedientes de pacientes'),
('Terapeuta', 'Gestiona pacientes, crea reportes, toma asistencia');

-- --------------------------------------------------------

--
-- Table structure for table `roles_Empleados`
--

CREATE TABLE `roles_Empleados` (
  `Id_Rol` varchar(30) COLLATE utf8_unicode_ci NOT NULL,
  `NumeroEmpleado` int(11) NOT NULL
) ENGINE=InnoDB DEFAULT CHARSET=utf8 COLLATE=utf8_unicode_ci;

--
-- Dumping data for table `roles_Empleados`
--

INSERT INTO `roles_Empleados` (`Id_Rol`, `NumeroEmpleado`) VALUES
('Administracion', 1);

-- --------------------------------------------------------

--
-- Table structure for table `roles_privilegios`
--

CREATE TABLE `roles_privilegios` (
  `Id_Rol` varchar(30) COLLATE utf8_unicode_ci NOT NULL,
  `Id_Privilegio` varchar(30) COLLATE utf8_unicode_ci NOT NULL
) ENGINE=InnoDB DEFAULT CHARSET=utf8 COLLATE=utf8_unicode_ci;

--
-- Dumping data for table `roles_privilegios`
--

INSERT INTO `roles_privilegios` (`Id_Rol`, `Id_Privilegio`) VALUES
('Administracion', 'CrearPaciente'),
('Administracion', 'ConsultaPaciente'),
('Administracion', 'ModificarDatosPaciente'),
('Administracion', 'EliminarPaciente'),
('Administracion', 'RegistrarDonacion'),
('Administracion', 'ConsultarDonacion'),
('Administracion', 'ModificarDonacion'),
('Administracion', 'EliminarDonacion'),
('Administracion', 'CrearEmpleado'),
('Administracion', 'EliminarEmpleado'),
('Administracion', 'ConsultarEmpleado'),
('Administracion', 'ModificarEmpleado'),
('Terapeuta', 'RegistrarAsistencia'),
('Terapeuta', 'ConsultarAsistencia'),
('Terapeuta', 'CrearReportePaciente'),
('Terapeuta', 'ConsultarReportePaciente'),
('Terapeuta', 'ModificarReportePaciente'),
('Terapeuta', 'EliminarReportePaciente');

-- --------------------------------------------------------

--
-- Table structure for table `TipoReporte`
--

CREATE TABLE `TipoReporte` (
  `id_TipoReporte` int(63) NOT NULL,
  `Nombre` varchar(255) COLLATE utf8_unicode_ci NOT NULL
) ENGINE=InnoDB DEFAULT CHARSET=utf8 COLLATE=utf8_unicode_ci;

--
-- Dumping data for table `TipoReporte`
--

INSERT INTO `TipoReporte` (`id_TipoReporte`, `Nombre`) VALUES
(1, 'Mensual'),
(2, 'Semestral');

--
-- Indexes for dumped tables
--

--
-- Indexes for table `Donador`
--
ALTER TABLE `Donador`
  ADD PRIMARY KEY (`id_Donador`);

--
-- Indexes for table `Donativos`
--
ALTER TABLE `Donativos`
  ADD PRIMARY KEY (`NumeroDonativo`),
  ADD KEY `id_Donador` (`id_Donador`);

--
-- Indexes for table `Empleado`
--
ALTER TABLE `Empleado`
  ADD PRIMARY KEY (`NumeroEmpleado`),
  ADD UNIQUE KEY `Correo` (`Correo`);

--
-- Indexes for table `Entidad`
--
ALTER TABLE `Entidad`
  ADD PRIMARY KEY (`id_Entidad`);

--
-- Indexes for table `Especialidad`
--
ALTER TABLE `Especialidad`
  ADD PRIMARY KEY (`id_Especialidad`);

--
-- Indexes for table `Municipio`
--
ALTER TABLE `Municipio`
  ADD PRIMARY KEY (`idMunicipio`,`idEstado`),
  ADD KEY `idEstado` (`idEstado`);

--
-- Indexes for table `Paciente`
--
ALTER TABLE `Paciente`
  ADD PRIMARY KEY (`NumeroPaciente`),
  ADD KEY `Estado` (`Estado`);

--
-- Indexes for table `Paciente_Consulta`
--
ALTER TABLE `Paciente_Consulta`
  ADD PRIMARY KEY (`Fecha`),
  ADD KEY `NumeroEmpleado` (`NumeroEmpleado`),
  ADD KEY `NumeroPaciente` (`NumeroPaciente`);

--
-- Indexes for table `privilegios`
--
ALTER TABLE `privilegios`
  ADD PRIMARY KEY (`Id_Privilegio`);

--
-- Indexes for table `Reporte`
--
ALTER TABLE `Reporte`
  ADD PRIMARY KEY (`NumeroEmpleado`,`NumeroPaciente`,`Fecha`),
  ADD KEY `NumeroPaciente` (`NumeroPaciente`);

--
-- Indexes for table `roles`
--
ALTER TABLE `roles`
  ADD PRIMARY KEY (`Id_Rol`);

--
-- Indexes for table `roles_Empleados`
--
ALTER TABLE `roles_Empleados`
  ADD KEY `Id_Rol` (`Id_Rol`),
  ADD KEY `NumeroEmpleado` (`NumeroEmpleado`);

--
-- Indexes for table `roles_privilegios`
--
ALTER TABLE `roles_privilegios`
  ADD KEY `Id_Privilegio` (`Id_Privilegio`),
  ADD KEY `Id_Rol` (`Id_Rol`);

--
-- Indexes for table `TipoReporte`
--
ALTER TABLE `TipoReporte`
  ADD PRIMARY KEY (`id_TipoReporte`);

--
-- AUTO_INCREMENT for dumped tables
--

--
-- AUTO_INCREMENT for table `Donador`
--
ALTER TABLE `Donador`
  MODIFY `id_Donador` int(11) NOT NULL AUTO_INCREMENT, AUTO_INCREMENT=3;

--
-- AUTO_INCREMENT for table `Donativos`
--
ALTER TABLE `Donativos`
  MODIFY `NumeroDonativo` int(11) NOT NULL AUTO_INCREMENT, AUTO_INCREMENT=19;

--
-- AUTO_INCREMENT for table `Empleado`
--
ALTER TABLE `Empleado`
  MODIFY `NumeroEmpleado` int(63) NOT NULL AUTO_INCREMENT, AUTO_INCREMENT=6;

--
-- AUTO_INCREMENT for table `Especialidad`
--
ALTER TABLE `Especialidad`
  MODIFY `id_Especialidad` int(11) NOT NULL AUTO_INCREMENT, AUTO_INCREMENT=3;

--
-- AUTO_INCREMENT for table `Paciente`
--
ALTER TABLE `Paciente`
  MODIFY `NumeroPaciente` int(63) NOT NULL AUTO_INCREMENT, AUTO_INCREMENT=2;

--
-- AUTO_INCREMENT for table `TipoReporte`
--
ALTER TABLE `TipoReporte`
  MODIFY `id_TipoReporte` int(63) NOT NULL AUTO_INCREMENT, AUTO_INCREMENT=3;

--
-- Constraints for dumped tables
--

--
-- Constraints for table `Donativos`
--
ALTER TABLE `Donativos`
  ADD CONSTRAINT `Donativos_ibfk_1` FOREIGN KEY (`id_Donador`) REFERENCES `Donador` (`id_Donador`);

--
-- Constraints for table `Municipio`
--
ALTER TABLE `Municipio`
  ADD CONSTRAINT `Municipio_ibfk_1` FOREIGN KEY (`idEstado`) REFERENCES `Entidad` (`id_Entidad`);

--
-- Constraints for table `Paciente`
--
ALTER TABLE `Paciente`
  ADD CONSTRAINT `Paciente_ibfk_1` FOREIGN KEY (`Estado`) REFERENCES `Entidad` (`id_Entidad`);

--
-- Constraints for table `Paciente_Consulta`
--
ALTER TABLE `Paciente_Consulta`
  ADD CONSTRAINT `Paciente_Consulta_ibfk_1` FOREIGN KEY (`NumeroEmpleado`) REFERENCES `Empleado` (`NumeroEmpleado`),
  ADD CONSTRAINT `Paciente_Consulta_ibfk_2` FOREIGN KEY (`NumeroPaciente`) REFERENCES `Paciente` (`NumeroPaciente`);

--
-- Constraints for table `Reporte`
--
ALTER TABLE `Reporte`
  ADD CONSTRAINT `Reporte_ibfk_1` FOREIGN KEY (`NumeroEmpleado`) REFERENCES `Empleado` (`NumeroEmpleado`),
  ADD CONSTRAINT `Reporte_ibfk_2` FOREIGN KEY (`NumeroPaciente`) REFERENCES `Paciente` (`NumeroPaciente`);

--
-- Constraints for table `roles_Empleados`
--
ALTER TABLE `roles_Empleados`
  ADD CONSTRAINT `roles_Empleados_ibfk_1` FOREIGN KEY (`Id_Rol`) REFERENCES `roles` (`Id_Rol`),
  ADD CONSTRAINT `roles_Empleados_ibfk_2` FOREIGN KEY (`NumeroEmpleado`) REFERENCES `Empleado` (`NumeroEmpleado`);

--
-- Constraints for table `roles_privilegios`
--
ALTER TABLE `roles_privilegios`
  ADD CONSTRAINT `roles_privilegios_ibfk_1` FOREIGN KEY (`Id_Privilegio`) REFERENCES `privilegios` (`Id_Privilegio`),
  ADD CONSTRAINT `roles_privilegios_ibfk_2` FOREIGN KEY (`Id_Rol`) REFERENCES `roles` (`Id_Rol`);
COMMIT;

/*!40101 SET CHARACTER_SET_CLIENT=@OLD_CHARACTER_SET_CLIENT */;
/*!40101 SET CHARACTER_SET_RESULTS=@OLD_CHARACTER_SET_RESULTS */;
/*!40101 SET COLLATION_CONNECTION=@OLD_COLLATION_CONNECTION */;
